Copyright 1986-2022 Xilinx, Inc. All Rights Reserved. Copyright 2022-2025 Advanced Micro Devices, Inc. All Rights Reserved.
---------------------------------------------------------------------------------------------------------------------------------------------------------------------------------------------------------------------
| Tool Version : Vivado v.2025.1 (win64) Build 6140274 Thu May 22 00:12:29 MDT 2025
| Date         : Fri Dec 26 22:08:05 2025
| Host         : LAPTOP-N6UO8VGR running 64-bit major release  (build 9200)
| Command      : report_timing_summary -max_paths 10 -routable_nets -report_unconstrained -file top_timing_summary_routed.rpt -pb top_timing_summary_routed.pb -rpx top_timing_summary_routed.rpx -warn_on_violation
| Design       : top
| Device       : 7z020-clg400
| Speed File   : -1  PRODUCTION 1.12 2019-11-22
| Design State : Routed
---------------------------------------------------------------------------------------------------------------------------------------------------------------------------------------------------------------------

Timing Summary Report

------------------------------------------------------------------------------------------------
| Timer Settings
| --------------
------------------------------------------------------------------------------------------------

  Enable Multi Corner Analysis               :  Yes
  Enable Pessimism Removal                   :  Yes
  Pessimism Removal Resolution               :  Nearest Common Node
  Enable Input Delay Default Clock           :  No
  Enable Preset / Clear Arcs                 :  No
  Disable Flight Delays                      :  No
  Ignore I/O Paths                           :  No
  Timing Early Launch at Borrowing Latches   :  No
  Borrow Time for Max Delay Exceptions       :  Yes
  Merge Timing Exceptions                    :  Yes
  Inter-SLR Compensation                     :  Conservative

  Corner  Analyze    Analyze    
  Name    Max Paths  Min Paths  
  ------  ---------  ---------  
  Slow    Yes        Yes        
  Fast    Yes        Yes        


------------------------------------------------------------------------------------------------
| Report Methodology
| ------------------
------------------------------------------------------------------------------------------------

Rule      Severity  Description                                 Violations  
--------  --------  ------------------------------------------  ----------  
SYNTH-6   Warning   Timing of a RAM block might be sub-optimal  1           
SYNTH-15  Warning   Byte wide write enable not inferred         32          

Note: This report is based on the most recent report_methodology run and may not be up-to-date. Run report_methodology on the current design for the latest report.



check_timing report

Table of Contents
-----------------
1. checking no_clock (0)
2. checking constant_clock (0)
3. checking pulse_width_clock (0)
4. checking unconstrained_internal_endpoints (0)
5. checking no_input_delay (1)
6. checking no_output_delay (33)
7. checking multiple_clock (0)
8. checking generated_clocks (0)
9. checking loops (0)
10. checking partial_input_delay (0)
11. checking partial_output_delay (0)
12. checking latch_loops (0)

1. checking no_clock (0)
------------------------
 There are 0 register/latch pins with no clock.


2. checking constant_clock (0)
------------------------------
 There are 0 register/latch pins with constant_clock.


3. checking pulse_width_clock (0)
---------------------------------
 There are 0 register/latch pins which need pulse_width check


4. checking unconstrained_internal_endpoints (0)
------------------------------------------------
 There are 0 pins that are not constrained for maximum delay.

 There are 0 pins that are not constrained for maximum delay due to constant clock.


5. checking no_input_delay (1)
------------------------------
 There are 0 input ports with no input delay specified.

 There is 1 input port with no input delay but user has a false path constraint. (MEDIUM)


6. checking no_output_delay (33)
--------------------------------
 There are 0 ports with no output delay specified.

 There are 33 ports with no output delay but user has a false path constraint (MEDIUM)

 There are 0 ports with no output delay but with a timing clock defined on it or propagating through it


7. checking multiple_clock (0)
------------------------------
 There are 0 register/latch pins with multiple clocks.


8. checking generated_clocks (0)
--------------------------------
 There are 0 generated clocks that are not connected to a clock source.


9. checking loops (0)
---------------------
 There are 0 combinational loops in the design.


10. checking partial_input_delay (0)
------------------------------------
 There are 0 input ports with partial input delay specified.


11. checking partial_output_delay (0)
-------------------------------------
 There are 0 ports with partial output delay specified.


12. checking latch_loops (0)
----------------------------
 There are 0 combinational latch loops in the design through latch input



------------------------------------------------------------------------------------------------
| Design Timing Summary
| ---------------------
------------------------------------------------------------------------------------------------

    WNS(ns)      TNS(ns)  TNS Failing Endpoints  TNS Total Endpoints      WHS(ns)      THS(ns)  THS Failing Endpoints  THS Total Endpoints     WPWS(ns)     TPWS(ns)  TPWS Failing Endpoints  TPWS Total Endpoints  
    -------      -------  ---------------------  -------------------      -------      -------  ---------------------  -------------------     --------     --------  ----------------------  --------------------  
      0.786        0.000                      0                29273        0.088        0.000                      0                29273        9.500        0.000                       0                 14359  


All user specified timing constraints are met.


------------------------------------------------------------------------------------------------
| Clock Summary
| -------------
------------------------------------------------------------------------------------------------

Clock        Waveform(ns)       Period(ns)      Frequency(MHz)
-----        ------------       ----------      --------------
sys_clk_pin  {0.000 10.000}     20.000          50.000          


------------------------------------------------------------------------------------------------
| Intra Clock Table
| -----------------
------------------------------------------------------------------------------------------------

Clock             WNS(ns)      TNS(ns)  TNS Failing Endpoints  TNS Total Endpoints      WHS(ns)      THS(ns)  THS Failing Endpoints  THS Total Endpoints     WPWS(ns)     TPWS(ns)  TPWS Failing Endpoints  TPWS Total Endpoints  
-----             -------      -------  ---------------------  -------------------      -------      -------  ---------------------  -------------------     --------     --------  ----------------------  --------------------  
sys_clk_pin         0.786        0.000                      0                29273        0.088        0.000                      0                29273        9.500        0.000                       0                 14359  


------------------------------------------------------------------------------------------------
| Inter Clock Table
| -----------------
------------------------------------------------------------------------------------------------

From Clock    To Clock          WNS(ns)      TNS(ns)  TNS Failing Endpoints  TNS Total Endpoints      WHS(ns)      THS(ns)  THS Failing Endpoints  THS Total Endpoints  
----------    --------          -------      -------  ---------------------  -------------------      -------      -------  ---------------------  -------------------  


------------------------------------------------------------------------------------------------
| Other Path Groups Table
| -----------------------
------------------------------------------------------------------------------------------------

Path Group    From Clock    To Clock          WNS(ns)      TNS(ns)  TNS Failing Endpoints  TNS Total Endpoints      WHS(ns)      THS(ns)  THS Failing Endpoints  THS Total Endpoints  
----------    ----------    --------          -------      -------  ---------------------  -------------------      -------      -------  ---------------------  -------------------  


------------------------------------------------------------------------------------------------
| User Ignored Path Table
| -----------------------
------------------------------------------------------------------------------------------------

Path Group    From Clock    To Clock    
----------    ----------    --------    
(none)        sys_clk_pin                 
(none)                      sys_clk_pin   


------------------------------------------------------------------------------------------------
| Unconstrained Path Table
| ------------------------
------------------------------------------------------------------------------------------------

Path Group    From Clock    To Clock    
----------    ----------    --------    


------------------------------------------------------------------------------------------------
| Timing Details
| --------------
------------------------------------------------------------------------------------------------


---------------------------------------------------------------------------------------------------
From Clock:  sys_clk_pin
  To Clock:  sys_clk_pin

Setup :            0  Failing Endpoints,  Worst Slack        0.786ns,  Total Violation        0.000ns
Hold  :            0  Failing Endpoints,  Worst Slack        0.088ns,  Total Violation        0.000ns
PW    :            0  Failing Endpoints,  Worst Slack        9.500ns,  Total Violation        0.000ns
---------------------------------------------------------------------------------------------------


Max Delay Paths
--------------------------------------------------------------------------------------
Slack (MET) :             0.786ns  (required time - arrival time)
  Source:                 u_dispatch/u_rs_br/slots_reg[1][valid]/C
                            (rising edge-triggered cell FDCE clocked by sys_clk_pin  {rise@0.000ns fall@10.000ns period=20.000ns})
  Destination:            u_branch/br_mispredict_o_reg/D
                            (rising edge-triggered cell FDCE clocked by sys_clk_pin  {rise@0.000ns fall@10.000ns period=20.000ns})
  Path Group:             sys_clk_pin
  Path Type:              Setup (Max at Slow Process Corner)
  Requirement:            20.000ns  (sys_clk_pin rise@20.000ns - sys_clk_pin rise@0.000ns)
  Data Path Delay:        19.176ns  (logic 5.899ns (30.762%)  route 13.277ns (69.238%))
  Logic Levels:           23  (CARRY4=7 LUT4=3 LUT5=3 LUT6=7 MUXF7=2 MUXF8=1)
  Clock Path Skew:        -0.031ns (DCD - SCD + CPR)
    Destination Clock Delay (DCD):    5.298ns = ( 25.298 - 20.000 ) 
    Source Clock Delay      (SCD):    5.790ns
    Clock Pessimism Removal (CPR):    0.460ns
  Clock Uncertainty:      0.035ns  ((TSJ^2 + TIJ^2)^1/2 + DJ) / 2 + PE
    Total System Jitter     (TSJ):    0.071ns
    Total Input Jitter      (TIJ):    0.000ns
    Discrete Jitter          (DJ):    0.000ns
    Phase Error              (PE):    0.000ns

    Location             Delay type                Incr(ns)  Path(ns)    Netlist Resource(s)
  -------------------------------------------------------------------    -------------------
                         (clock sys_clk_pin rise edge)
                                                      0.000     0.000 r  
    H16                                               0.000     0.000 r  clk (IN)
                         net (fo=0)                   0.000     0.000    clk
    H16                  IBUF (Prop_ibuf_I_O)         1.451     1.451 r  clk_IBUF_inst/O
                         net (fo=1, routed)           2.522     3.973    clk_IBUF
    BUFGCTRL_X0Y16       BUFG (Prop_bufg_I_O)         0.101     4.074 r  clk_IBUF_BUFG_inst/O
                         net (fo=14358, routed)       1.716     5.790    u_dispatch/u_rs_br/clk_IBUF_BUFG
    SLICE_X81Y85         FDCE                                         r  u_dispatch/u_rs_br/slots_reg[1][valid]/C
  -------------------------------------------------------------------    -------------------
    SLICE_X81Y85         FDCE (Prop_fdce_C_Q)         0.456     6.246 f  u_dispatch/u_rs_br/slots_reg[1][valid]/Q
                         net (fo=12, routed)          0.835     7.080    u_dispatch/u_rs_br/slots_reg[1][valid]_0
    SLICE_X81Y86         LUT4 (Prop_lut4_I0_O)        0.154     7.234 f  u_dispatch/u_rs_br/slots[2][valid]_i_9/O
                         net (fo=7, routed)           0.619     7.854    u_dispatch/u_rs_br/slots[2][valid]_i_9_n_0
    SLICE_X81Y84         LUT5 (Prop_lut5_I2_O)        0.353     8.207 f  u_dispatch/u_rs_br/wb_data_o[31]_i_5__0/O
                         net (fo=3, routed)           0.610     8.816    u_dispatch/u_rs_br/wb_data_o[31]_i_5__0_n_0
    SLICE_X80Y82         LUT5 (Prop_lut5_I2_O)        0.326     9.142 f  u_dispatch/u_rs_br/wb_data_o[31]_i_3__0/O
                         net (fo=3, routed)           0.327     9.470    u_dispatch/u_rs_br/wb_data_o[31]_i_3__0_n_0
    SLICE_X82Y82         LUT5 (Prop_lut5_I2_O)        0.124     9.594 r  u_dispatch/u_rs_br/wb_dst_prf_o[6]_i_6/O
                         net (fo=4, routed)           0.590    10.183    u_dispatch/u_rs_br/has_ready1104_out
    SLICE_X82Y81         LUT4 (Prop_lut4_I3_O)        0.124    10.307 f  u_dispatch/u_rs_br/slots[2][valid]_i_12/O
                         net (fo=1, routed)           0.493    10.801    u_dispatch/u_rs_br/slots[2][valid]_i_12_n_0
    SLICE_X81Y81         LUT6 (Prop_lut6_I3_O)        0.124    10.925 r  u_dispatch/u_rs_br/slots[2][valid]_i_5__0/O
                         net (fo=260, routed)         0.758    11.682    u_dispatch/u_rs_br/slots[2][valid]_i_5__0_n_0
    SLICE_X65Y80         LUT6 (Prop_lut6_I4_O)        0.124    11.806 r  u_dispatch/u_rs_br/br_target_o[31]_i_100/O
                         net (fo=3, routed)           1.702    13.509    u_dispatch/u_rs_br/br_target_o[31]_i_100_n_0
    SLICE_X63Y50         LUT4 (Prop_lut4_I3_O)        0.152    13.661 r  u_dispatch/u_rs_br/br_target_o[31]_i_77/O
                         net (fo=1027, routed)        1.799    15.460    u_dispatch/u_prf/br_issue_pkt[src0_prf][0]
    SLICE_X47Y31         LUT6 (Prop_lut6_I4_O)        0.332    15.792 r  u_dispatch/u_prf/br_target_o[7]_i_212/O
                         net (fo=1, routed)           0.000    15.792    u_dispatch/u_prf/br_target_o[7]_i_212_n_0
    SLICE_X47Y31         MUXF7 (Prop_muxf7_I0_O)      0.238    16.030 r  u_dispatch/u_prf/br_target_o_reg[7]_i_110/O
                         net (fo=1, routed)           0.000    16.030    u_dispatch/u_prf/br_target_o_reg[7]_i_110_n_0
    SLICE_X47Y31         MUXF8 (Prop_muxf8_I0_O)      0.104    16.134 r  u_dispatch/u_prf/br_target_o_reg[7]_i_59/O
                         net (fo=1, routed)           1.338    17.472    u_dispatch/u_prf/br_target_o_reg[7]_i_59_n_0
    SLICE_X62Y51         LUT6 (Prop_lut6_I5_O)        0.316    17.788 r  u_dispatch/u_prf/br_target_o[7]_i_36/O
                         net (fo=1, routed)           0.000    17.788    u_dispatch/u_prf/br_target_o[7]_i_36_n_0
    SLICE_X62Y51         MUXF7 (Prop_muxf7_I0_O)      0.209    17.997 r  u_dispatch/u_prf/br_target_o_reg[7]_i_22/O
                         net (fo=2, routed)           1.457    19.454    u_dispatch/u_rs_br/br_src0_data_raw[5]
    SLICE_X66Y77         LUT6 (Prop_lut6_I1_O)        0.297    19.751 r  u_dispatch/u_rs_br/br_target_o[7]_i_6/O
                         net (fo=2, routed)           0.944    20.696    u_dispatch/u_rs_br/br_src0_data[5]
    SLICE_X85Y76         CARRY4 (Prop_carry4_DI[1]_CO[3])
                                                      0.507    21.203 r  u_dispatch/u_rs_br/br_target_o_reg[7]_i_2/CO[3]
                         net (fo=1, routed)           0.000    21.203    u_dispatch/u_rs_br/br_target_o_reg[7]_i_2_n_0
    SLICE_X85Y77         CARRY4 (Prop_carry4_CI_CO[3])
                                                      0.114    21.317 r  u_dispatch/u_rs_br/br_target_o_reg[11]_i_2/CO[3]
                         net (fo=1, routed)           0.000    21.317    u_dispatch/u_rs_br/br_target_o_reg[11]_i_2_n_0
    SLICE_X85Y78         CARRY4 (Prop_carry4_CI_CO[3])
                                                      0.114    21.431 r  u_dispatch/u_rs_br/br_target_o_reg[15]_i_2/CO[3]
                         net (fo=1, routed)           0.000    21.431    u_dispatch/u_rs_br/br_target_o_reg[15]_i_2_n_0
    SLICE_X85Y79         CARRY4 (Prop_carry4_CI_CO[3])
                                                      0.114    21.545 r  u_dispatch/u_rs_br/br_target_o_reg[19]_i_2/CO[3]
                         net (fo=1, routed)           0.000    21.545    u_dispatch/u_rs_br/br_target_o_reg[19]_i_2_n_0
    SLICE_X85Y80         CARRY4 (Prop_carry4_CI_CO[3])
                                                      0.114    21.659 r  u_dispatch/u_rs_br/br_target_o_reg[23]_i_2/CO[3]
                         net (fo=1, routed)           0.000    21.659    u_dispatch/u_rs_br/br_target_o_reg[23]_i_2_n_0
    SLICE_X85Y81         CARRY4 (Prop_carry4_CI_O[3])
                                                      0.313    21.972 r  u_dispatch/u_rs_br/br_target_o_reg[27]_i_2/O[3]
                         net (fo=3, routed)           1.024    22.996    u_dispatch/u_rs_br/u_branch/mispredict30_out[27]
    SLICE_X90Y84         LUT6 (Prop_lut6_I1_O)        0.306    23.302 r  u_dispatch/u_rs_br/br_mispredict_o_i_18/O
                         net (fo=1, routed)           0.000    23.302    u_dispatch/u_rs_br/br_mispredict_o_i_18_n_0
    SLICE_X90Y84         CARRY4 (Prop_carry4_S[1]_CO[2])
                                                      0.574    23.876 r  u_dispatch/u_rs_br/br_mispredict_o_reg_i_5/CO[2]
                         net (fo=1, routed)           0.780    24.656    u_dispatch/u_rs_br/u_branch/mispredict1
    SLICE_X80Y79         LUT6 (Prop_lut6_I5_O)        0.310    24.966 r  u_dispatch/u_rs_br/br_mispredict_o_i_1/O
                         net (fo=1, routed)           0.000    24.966    u_branch/br_mispredict_o_reg_39
    SLICE_X80Y79         FDCE                                         r  u_branch/br_mispredict_o_reg/D
  -------------------------------------------------------------------    -------------------

                         (clock sys_clk_pin rise edge)
                                                     20.000    20.000 r  
    H16                                               0.000    20.000 r  clk (IN)
                         net (fo=0)                   0.000    20.000    clk
    H16                  IBUF (Prop_ibuf_I_O)         1.380    21.380 r  clk_IBUF_inst/O
                         net (fo=1, routed)           2.293    23.673    clk_IBUF
    BUFGCTRL_X0Y16       BUFG (Prop_bufg_I_O)         0.091    23.764 r  clk_IBUF_BUFG_inst/O
                         net (fo=14358, routed)       1.534    25.298    u_branch/clk_IBUF_BUFG
    SLICE_X80Y79         FDCE                                         r  u_branch/br_mispredict_o_reg/C
                         clock pessimism              0.460    25.759    
                         clock uncertainty           -0.035    25.723    
    SLICE_X80Y79         FDCE (Setup_fdce_C_D)        0.029    25.752    u_branch/br_mispredict_o_reg
  -------------------------------------------------------------------
                         required time                         25.752    
                         arrival time                         -24.966    
  -------------------------------------------------------------------
                         slack                                  0.786    

Slack (MET) :             0.878ns  (required time - arrival time)
  Source:                 u_dispatch/u_rs_lsu/slots_reg[1][valid]/C
                            (rising edge-triggered cell FDCE clocked by sys_clk_pin  {rise@0.000ns fall@10.000ns period=20.000ns})
  Destination:            u_lsq/sq_reg[3][data][24]/CE
                            (rising edge-triggered cell FDCE clocked by sys_clk_pin  {rise@0.000ns fall@10.000ns period=20.000ns})
  Path Group:             sys_clk_pin
  Path Type:              Setup (Max at Slow Process Corner)
  Requirement:            20.000ns  (sys_clk_pin rise@20.000ns - sys_clk_pin rise@0.000ns)
  Data Path Delay:        18.581ns  (logic 3.142ns (16.910%)  route 15.439ns (83.090%))
  Logic Levels:           15  (LUT2=1 LUT3=1 LUT4=2 LUT5=3 LUT6=7 MUXF7=1)
  Clock Path Skew:        -0.134ns (DCD - SCD + CPR)
    Destination Clock Delay (DCD):    5.318ns = ( 25.318 - 20.000 ) 
    Source Clock Delay      (SCD):    5.761ns
    Clock Pessimism Removal (CPR):    0.309ns
  Clock Uncertainty:      0.035ns  ((TSJ^2 + TIJ^2)^1/2 + DJ) / 2 + PE
    Total System Jitter     (TSJ):    0.071ns
    Total Input Jitter      (TIJ):    0.000ns
    Discrete Jitter          (DJ):    0.000ns
    Phase Error              (PE):    0.000ns

    Location             Delay type                Incr(ns)  Path(ns)    Netlist Resource(s)
  -------------------------------------------------------------------    -------------------
                         (clock sys_clk_pin rise edge)
                                                      0.000     0.000 r  
    H16                                               0.000     0.000 r  clk (IN)
                         net (fo=0)                   0.000     0.000    clk
    H16                  IBUF (Prop_ibuf_I_O)         1.451     1.451 r  clk_IBUF_inst/O
                         net (fo=1, routed)           2.522     3.973    clk_IBUF
    BUFGCTRL_X0Y16       BUFG (Prop_bufg_I_O)         0.101     4.074 r  clk_IBUF_BUFG_inst/O
                         net (fo=14358, routed)       1.687     5.761    u_dispatch/u_rs_lsu/clk_IBUF_BUFG
    SLICE_X30Y80         FDCE                                         r  u_dispatch/u_rs_lsu/slots_reg[1][valid]/C
  -------------------------------------------------------------------    -------------------
    SLICE_X30Y80         FDCE (Prop_fdce_C_Q)         0.518     6.279 f  u_dispatch/u_rs_lsu/slots_reg[1][valid]/Q
                         net (fo=12, routed)          1.386     7.665    u_dispatch/u_rs_lsu/slots_reg[1][valid]_0
    SLICE_X49Y81         LUT4 (Prop_lut4_I0_O)        0.124     7.789 f  u_dispatch/u_rs_lsu/s1_is_load_i_15/O
                         net (fo=7, routed)           0.820     8.609    u_dispatch/u_rs_lsu/s1_is_load_i_15_n_0
    SLICE_X48Y80         LUT5 (Prop_lut5_I2_O)        0.152     8.761 f  u_dispatch/u_rs_lsu/s1_valid_i_7/O
                         net (fo=3, routed)           0.697     9.458    u_dispatch/u_rs_lsu/s1_valid_i_7_n_0
    SLICE_X48Y80         LUT5 (Prop_lut5_I2_O)        0.360     9.818 f  u_dispatch/u_rs_lsu/s1_valid_i_4/O
                         net (fo=3, routed)           0.459    10.277    u_dispatch/u_rs_lsu/s1_valid_i_4_n_0
    SLICE_X48Y79         LUT5 (Prop_lut5_I2_O)        0.326    10.603 r  u_dispatch/u_rs_lsu/s1_is_load_i_9/O
                         net (fo=4, routed)           0.635    11.238    u_dispatch/u_rs_lsu/has_ready1104_out
    SLICE_X49Y79         LUT2 (Prop_lut2_I1_O)        0.124    11.362 r  u_dispatch/u_rs_lsu/s1_is_load_i_14/O
                         net (fo=2, routed)           0.300    11.662    u_dispatch/u_rs_lsu/s1_is_load_i_14_n_0
    SLICE_X49Y79         LUT6 (Prop_lut6_I1_O)        0.124    11.786 f  u_dispatch/u_rs_lsu/s1_is_load_i_6/O
                         net (fo=15, routed)          0.423    12.210    u_dispatch/u_rs_lsu/s1_is_load_i_6_n_0
    SLICE_X47Y79         LUT6 (Prop_lut6_I5_O)        0.124    12.334 r  u_dispatch/u_rs_lsu/s1_is_load_i_2/O
                         net (fo=89, routed)          1.734    14.067    u_dispatch/u_rs_lsu/issue_pkt_o[valid]1
    SLICE_X26Y77         LUT4 (Prop_lut4_I0_O)        0.124    14.191 r  u_dispatch/u_rs_lsu/s1_rob_tag[1]_i_1/O
                         net (fo=18, routed)          2.396    16.587    u_lsq/lsu_issue_pkt[rob_tag][1]
    SLICE_X18Y26         LUT6 (Prop_lut6_I2_O)        0.124    16.711 r  u_lsq/sq[1][word_addr][29]_i_15/O
                         net (fo=1, routed)           0.813    17.525    u_lsq/sq[1][word_addr][29]_i_15_n_0
    SLICE_X19Y26         LUT6 (Prop_lut6_I3_O)        0.124    17.649 r  u_lsq/sq[1][word_addr][29]_i_5/O
                         net (fo=16, routed)          1.215    18.864    u_lsq/sq[1][word_addr][29]_i_5_n_0
    SLICE_X21Y17         LUT6 (Prop_lut6_I4_O)        0.124    18.988 r  u_lsq/sq[1][word_addr][29]_i_45/O
                         net (fo=1, routed)           0.000    18.988    u_lsq/sq[1][word_addr][29]_i_45_n_0
    SLICE_X21Y17         MUXF7 (Prop_muxf7_I1_O)      0.217    19.205 r  u_lsq/sq_reg[1][word_addr][29]_i_25/O
                         net (fo=1, routed)           0.613    19.818    u_dispatch/u_rs_lsu/sq[6][word_addr][29]_i_3_1
    SLICE_X22Y21         LUT6 (Prop_lut6_I4_O)        0.299    20.117 r  u_dispatch/u_rs_lsu/sq[1][word_addr][29]_i_9/O
                         net (fo=8, routed)           0.831    20.948    u_lsq/sq_reg[1][addr_valid]_0
    SLICE_X23Y14         LUT6 (Prop_lut6_I1_O)        0.124    21.072 f  u_lsq/sq[3][word_addr][29]_i_3/O
                         net (fo=66, routed)          1.127    22.200    u_lsq/sq_reg[1][word_addr][29]_i_12_4
    SLICE_X25Y15         LUT3 (Prop_lut3_I0_O)        0.154    22.354 r  u_lsq/sq[3][word_addr][29]_i_1/O
                         net (fo=65, routed)          1.988    24.342    u_lsq/sq[3][word_addr][29]_i_1_n_0
    SLICE_X54Y6          FDCE                                         r  u_lsq/sq_reg[3][data][24]/CE
  -------------------------------------------------------------------    -------------------

                         (clock sys_clk_pin rise edge)
                                                     20.000    20.000 r  
    H16                                               0.000    20.000 r  clk (IN)
                         net (fo=0)                   0.000    20.000    clk
    H16                  IBUF (Prop_ibuf_I_O)         1.380    21.380 r  clk_IBUF_inst/O
                         net (fo=1, routed)           2.293    23.673    clk_IBUF
    BUFGCTRL_X0Y16       BUFG (Prop_bufg_I_O)         0.091    23.764 r  clk_IBUF_BUFG_inst/O
                         net (fo=14358, routed)       1.553    25.318    u_lsq/clk_IBUF_BUFG
    SLICE_X54Y6          FDCE                                         r  u_lsq/sq_reg[3][data][24]/C
                         clock pessimism              0.309    25.627    
                         clock uncertainty           -0.035    25.592    
    SLICE_X54Y6          FDCE (Setup_fdce_C_CE)      -0.372    25.220    u_lsq/sq_reg[3][data][24]
  -------------------------------------------------------------------
                         required time                         25.220    
                         arrival time                         -24.342    
  -------------------------------------------------------------------
                         slack                                  0.878    

Slack (MET) :             0.878ns  (required time - arrival time)
  Source:                 u_dispatch/u_rs_lsu/slots_reg[1][valid]/C
                            (rising edge-triggered cell FDCE clocked by sys_clk_pin  {rise@0.000ns fall@10.000ns period=20.000ns})
  Destination:            u_lsq/sq_reg[3][data][25]/CE
                            (rising edge-triggered cell FDCE clocked by sys_clk_pin  {rise@0.000ns fall@10.000ns period=20.000ns})
  Path Group:             sys_clk_pin
  Path Type:              Setup (Max at Slow Process Corner)
  Requirement:            20.000ns  (sys_clk_pin rise@20.000ns - sys_clk_pin rise@0.000ns)
  Data Path Delay:        18.581ns  (logic 3.142ns (16.910%)  route 15.439ns (83.090%))
  Logic Levels:           15  (LUT2=1 LUT3=1 LUT4=2 LUT5=3 LUT6=7 MUXF7=1)
  Clock Path Skew:        -0.134ns (DCD - SCD + CPR)
    Destination Clock Delay (DCD):    5.318ns = ( 25.318 - 20.000 ) 
    Source Clock Delay      (SCD):    5.761ns
    Clock Pessimism Removal (CPR):    0.309ns
  Clock Uncertainty:      0.035ns  ((TSJ^2 + TIJ^2)^1/2 + DJ) / 2 + PE
    Total System Jitter     (TSJ):    0.071ns
    Total Input Jitter      (TIJ):    0.000ns
    Discrete Jitter          (DJ):    0.000ns
    Phase Error              (PE):    0.000ns

    Location             Delay type                Incr(ns)  Path(ns)    Netlist Resource(s)
  -------------------------------------------------------------------    -------------------
                         (clock sys_clk_pin rise edge)
                                                      0.000     0.000 r  
    H16                                               0.000     0.000 r  clk (IN)
                         net (fo=0)                   0.000     0.000    clk
    H16                  IBUF (Prop_ibuf_I_O)         1.451     1.451 r  clk_IBUF_inst/O
                         net (fo=1, routed)           2.522     3.973    clk_IBUF
    BUFGCTRL_X0Y16       BUFG (Prop_bufg_I_O)         0.101     4.074 r  clk_IBUF_BUFG_inst/O
                         net (fo=14358, routed)       1.687     5.761    u_dispatch/u_rs_lsu/clk_IBUF_BUFG
    SLICE_X30Y80         FDCE                                         r  u_dispatch/u_rs_lsu/slots_reg[1][valid]/C
  -------------------------------------------------------------------    -------------------
    SLICE_X30Y80         FDCE (Prop_fdce_C_Q)         0.518     6.279 f  u_dispatch/u_rs_lsu/slots_reg[1][valid]/Q
                         net (fo=12, routed)          1.386     7.665    u_dispatch/u_rs_lsu/slots_reg[1][valid]_0
    SLICE_X49Y81         LUT4 (Prop_lut4_I0_O)        0.124     7.789 f  u_dispatch/u_rs_lsu/s1_is_load_i_15/O
                         net (fo=7, routed)           0.820     8.609    u_dispatch/u_rs_lsu/s1_is_load_i_15_n_0
    SLICE_X48Y80         LUT5 (Prop_lut5_I2_O)        0.152     8.761 f  u_dispatch/u_rs_lsu/s1_valid_i_7/O
                         net (fo=3, routed)           0.697     9.458    u_dispatch/u_rs_lsu/s1_valid_i_7_n_0
    SLICE_X48Y80         LUT5 (Prop_lut5_I2_O)        0.360     9.818 f  u_dispatch/u_rs_lsu/s1_valid_i_4/O
                         net (fo=3, routed)           0.459    10.277    u_dispatch/u_rs_lsu/s1_valid_i_4_n_0
    SLICE_X48Y79         LUT5 (Prop_lut5_I2_O)        0.326    10.603 r  u_dispatch/u_rs_lsu/s1_is_load_i_9/O
                         net (fo=4, routed)           0.635    11.238    u_dispatch/u_rs_lsu/has_ready1104_out
    SLICE_X49Y79         LUT2 (Prop_lut2_I1_O)        0.124    11.362 r  u_dispatch/u_rs_lsu/s1_is_load_i_14/O
                         net (fo=2, routed)           0.300    11.662    u_dispatch/u_rs_lsu/s1_is_load_i_14_n_0
    SLICE_X49Y79         LUT6 (Prop_lut6_I1_O)        0.124    11.786 f  u_dispatch/u_rs_lsu/s1_is_load_i_6/O
                         net (fo=15, routed)          0.423    12.210    u_dispatch/u_rs_lsu/s1_is_load_i_6_n_0
    SLICE_X47Y79         LUT6 (Prop_lut6_I5_O)        0.124    12.334 r  u_dispatch/u_rs_lsu/s1_is_load_i_2/O
                         net (fo=89, routed)          1.734    14.067    u_dispatch/u_rs_lsu/issue_pkt_o[valid]1
    SLICE_X26Y77         LUT4 (Prop_lut4_I0_O)        0.124    14.191 r  u_dispatch/u_rs_lsu/s1_rob_tag[1]_i_1/O
                         net (fo=18, routed)          2.396    16.587    u_lsq/lsu_issue_pkt[rob_tag][1]
    SLICE_X18Y26         LUT6 (Prop_lut6_I2_O)        0.124    16.711 r  u_lsq/sq[1][word_addr][29]_i_15/O
                         net (fo=1, routed)           0.813    17.525    u_lsq/sq[1][word_addr][29]_i_15_n_0
    SLICE_X19Y26         LUT6 (Prop_lut6_I3_O)        0.124    17.649 r  u_lsq/sq[1][word_addr][29]_i_5/O
                         net (fo=16, routed)          1.215    18.864    u_lsq/sq[1][word_addr][29]_i_5_n_0
    SLICE_X21Y17         LUT6 (Prop_lut6_I4_O)        0.124    18.988 r  u_lsq/sq[1][word_addr][29]_i_45/O
                         net (fo=1, routed)           0.000    18.988    u_lsq/sq[1][word_addr][29]_i_45_n_0
    SLICE_X21Y17         MUXF7 (Prop_muxf7_I1_O)      0.217    19.205 r  u_lsq/sq_reg[1][word_addr][29]_i_25/O
                         net (fo=1, routed)           0.613    19.818    u_dispatch/u_rs_lsu/sq[6][word_addr][29]_i_3_1
    SLICE_X22Y21         LUT6 (Prop_lut6_I4_O)        0.299    20.117 r  u_dispatch/u_rs_lsu/sq[1][word_addr][29]_i_9/O
                         net (fo=8, routed)           0.831    20.948    u_lsq/sq_reg[1][addr_valid]_0
    SLICE_X23Y14         LUT6 (Prop_lut6_I1_O)        0.124    21.072 f  u_lsq/sq[3][word_addr][29]_i_3/O
                         net (fo=66, routed)          1.127    22.200    u_lsq/sq_reg[1][word_addr][29]_i_12_4
    SLICE_X25Y15         LUT3 (Prop_lut3_I0_O)        0.154    22.354 r  u_lsq/sq[3][word_addr][29]_i_1/O
                         net (fo=65, routed)          1.988    24.342    u_lsq/sq[3][word_addr][29]_i_1_n_0
    SLICE_X54Y6          FDCE                                         r  u_lsq/sq_reg[3][data][25]/CE
  -------------------------------------------------------------------    -------------------

                         (clock sys_clk_pin rise edge)
                                                     20.000    20.000 r  
    H16                                               0.000    20.000 r  clk (IN)
                         net (fo=0)                   0.000    20.000    clk
    H16                  IBUF (Prop_ibuf_I_O)         1.380    21.380 r  clk_IBUF_inst/O
                         net (fo=1, routed)           2.293    23.673    clk_IBUF
    BUFGCTRL_X0Y16       BUFG (Prop_bufg_I_O)         0.091    23.764 r  clk_IBUF_BUFG_inst/O
                         net (fo=14358, routed)       1.553    25.318    u_lsq/clk_IBUF_BUFG
    SLICE_X54Y6          FDCE                                         r  u_lsq/sq_reg[3][data][25]/C
                         clock pessimism              0.309    25.627    
                         clock uncertainty           -0.035    25.592    
    SLICE_X54Y6          FDCE (Setup_fdce_C_CE)      -0.372    25.220    u_lsq/sq_reg[3][data][25]
  -------------------------------------------------------------------
                         required time                         25.220    
                         arrival time                         -24.342    
  -------------------------------------------------------------------
                         slack                                  0.878    

Slack (MET) :             0.878ns  (required time - arrival time)
  Source:                 u_dispatch/u_rs_lsu/slots_reg[1][valid]/C
                            (rising edge-triggered cell FDCE clocked by sys_clk_pin  {rise@0.000ns fall@10.000ns period=20.000ns})
  Destination:            u_lsq/sq_reg[3][data][26]/CE
                            (rising edge-triggered cell FDCE clocked by sys_clk_pin  {rise@0.000ns fall@10.000ns period=20.000ns})
  Path Group:             sys_clk_pin
  Path Type:              Setup (Max at Slow Process Corner)
  Requirement:            20.000ns  (sys_clk_pin rise@20.000ns - sys_clk_pin rise@0.000ns)
  Data Path Delay:        18.581ns  (logic 3.142ns (16.910%)  route 15.439ns (83.090%))
  Logic Levels:           15  (LUT2=1 LUT3=1 LUT4=2 LUT5=3 LUT6=7 MUXF7=1)
  Clock Path Skew:        -0.134ns (DCD - SCD + CPR)
    Destination Clock Delay (DCD):    5.318ns = ( 25.318 - 20.000 ) 
    Source Clock Delay      (SCD):    5.761ns
    Clock Pessimism Removal (CPR):    0.309ns
  Clock Uncertainty:      0.035ns  ((TSJ^2 + TIJ^2)^1/2 + DJ) / 2 + PE
    Total System Jitter     (TSJ):    0.071ns
    Total Input Jitter      (TIJ):    0.000ns
    Discrete Jitter          (DJ):    0.000ns
    Phase Error              (PE):    0.000ns

    Location             Delay type                Incr(ns)  Path(ns)    Netlist Resource(s)
  -------------------------------------------------------------------    -------------------
                         (clock sys_clk_pin rise edge)
                                                      0.000     0.000 r  
    H16                                               0.000     0.000 r  clk (IN)
                         net (fo=0)                   0.000     0.000    clk
    H16                  IBUF (Prop_ibuf_I_O)         1.451     1.451 r  clk_IBUF_inst/O
                         net (fo=1, routed)           2.522     3.973    clk_IBUF
    BUFGCTRL_X0Y16       BUFG (Prop_bufg_I_O)         0.101     4.074 r  clk_IBUF_BUFG_inst/O
                         net (fo=14358, routed)       1.687     5.761    u_dispatch/u_rs_lsu/clk_IBUF_BUFG
    SLICE_X30Y80         FDCE                                         r  u_dispatch/u_rs_lsu/slots_reg[1][valid]/C
  -------------------------------------------------------------------    -------------------
    SLICE_X30Y80         FDCE (Prop_fdce_C_Q)         0.518     6.279 f  u_dispatch/u_rs_lsu/slots_reg[1][valid]/Q
                         net (fo=12, routed)          1.386     7.665    u_dispatch/u_rs_lsu/slots_reg[1][valid]_0
    SLICE_X49Y81         LUT4 (Prop_lut4_I0_O)        0.124     7.789 f  u_dispatch/u_rs_lsu/s1_is_load_i_15/O
                         net (fo=7, routed)           0.820     8.609    u_dispatch/u_rs_lsu/s1_is_load_i_15_n_0
    SLICE_X48Y80         LUT5 (Prop_lut5_I2_O)        0.152     8.761 f  u_dispatch/u_rs_lsu/s1_valid_i_7/O
                         net (fo=3, routed)           0.697     9.458    u_dispatch/u_rs_lsu/s1_valid_i_7_n_0
    SLICE_X48Y80         LUT5 (Prop_lut5_I2_O)        0.360     9.818 f  u_dispatch/u_rs_lsu/s1_valid_i_4/O
                         net (fo=3, routed)           0.459    10.277    u_dispatch/u_rs_lsu/s1_valid_i_4_n_0
    SLICE_X48Y79         LUT5 (Prop_lut5_I2_O)        0.326    10.603 r  u_dispatch/u_rs_lsu/s1_is_load_i_9/O
                         net (fo=4, routed)           0.635    11.238    u_dispatch/u_rs_lsu/has_ready1104_out
    SLICE_X49Y79         LUT2 (Prop_lut2_I1_O)        0.124    11.362 r  u_dispatch/u_rs_lsu/s1_is_load_i_14/O
                         net (fo=2, routed)           0.300    11.662    u_dispatch/u_rs_lsu/s1_is_load_i_14_n_0
    SLICE_X49Y79         LUT6 (Prop_lut6_I1_O)        0.124    11.786 f  u_dispatch/u_rs_lsu/s1_is_load_i_6/O
                         net (fo=15, routed)          0.423    12.210    u_dispatch/u_rs_lsu/s1_is_load_i_6_n_0
    SLICE_X47Y79         LUT6 (Prop_lut6_I5_O)        0.124    12.334 r  u_dispatch/u_rs_lsu/s1_is_load_i_2/O
                         net (fo=89, routed)          1.734    14.067    u_dispatch/u_rs_lsu/issue_pkt_o[valid]1
    SLICE_X26Y77         LUT4 (Prop_lut4_I0_O)        0.124    14.191 r  u_dispatch/u_rs_lsu/s1_rob_tag[1]_i_1/O
                         net (fo=18, routed)          2.396    16.587    u_lsq/lsu_issue_pkt[rob_tag][1]
    SLICE_X18Y26         LUT6 (Prop_lut6_I2_O)        0.124    16.711 r  u_lsq/sq[1][word_addr][29]_i_15/O
                         net (fo=1, routed)           0.813    17.525    u_lsq/sq[1][word_addr][29]_i_15_n_0
    SLICE_X19Y26         LUT6 (Prop_lut6_I3_O)        0.124    17.649 r  u_lsq/sq[1][word_addr][29]_i_5/O
                         net (fo=16, routed)          1.215    18.864    u_lsq/sq[1][word_addr][29]_i_5_n_0
    SLICE_X21Y17         LUT6 (Prop_lut6_I4_O)        0.124    18.988 r  u_lsq/sq[1][word_addr][29]_i_45/O
                         net (fo=1, routed)           0.000    18.988    u_lsq/sq[1][word_addr][29]_i_45_n_0
    SLICE_X21Y17         MUXF7 (Prop_muxf7_I1_O)      0.217    19.205 r  u_lsq/sq_reg[1][word_addr][29]_i_25/O
                         net (fo=1, routed)           0.613    19.818    u_dispatch/u_rs_lsu/sq[6][word_addr][29]_i_3_1
    SLICE_X22Y21         LUT6 (Prop_lut6_I4_O)        0.299    20.117 r  u_dispatch/u_rs_lsu/sq[1][word_addr][29]_i_9/O
                         net (fo=8, routed)           0.831    20.948    u_lsq/sq_reg[1][addr_valid]_0
    SLICE_X23Y14         LUT6 (Prop_lut6_I1_O)        0.124    21.072 f  u_lsq/sq[3][word_addr][29]_i_3/O
                         net (fo=66, routed)          1.127    22.200    u_lsq/sq_reg[1][word_addr][29]_i_12_4
    SLICE_X25Y15         LUT3 (Prop_lut3_I0_O)        0.154    22.354 r  u_lsq/sq[3][word_addr][29]_i_1/O
                         net (fo=65, routed)          1.988    24.342    u_lsq/sq[3][word_addr][29]_i_1_n_0
    SLICE_X54Y6          FDCE                                         r  u_lsq/sq_reg[3][data][26]/CE
  -------------------------------------------------------------------    -------------------

                         (clock sys_clk_pin rise edge)
                                                     20.000    20.000 r  
    H16                                               0.000    20.000 r  clk (IN)
                         net (fo=0)                   0.000    20.000    clk
    H16                  IBUF (Prop_ibuf_I_O)         1.380    21.380 r  clk_IBUF_inst/O
                         net (fo=1, routed)           2.293    23.673    clk_IBUF
    BUFGCTRL_X0Y16       BUFG (Prop_bufg_I_O)         0.091    23.764 r  clk_IBUF_BUFG_inst/O
                         net (fo=14358, routed)       1.553    25.318    u_lsq/clk_IBUF_BUFG
    SLICE_X54Y6          FDCE                                         r  u_lsq/sq_reg[3][data][26]/C
                         clock pessimism              0.309    25.627    
                         clock uncertainty           -0.035    25.592    
    SLICE_X54Y6          FDCE (Setup_fdce_C_CE)      -0.372    25.220    u_lsq/sq_reg[3][data][26]
  -------------------------------------------------------------------
                         required time                         25.220    
                         arrival time                         -24.342    
  -------------------------------------------------------------------
                         slack                                  0.878    

Slack (MET) :             0.878ns  (required time - arrival time)
  Source:                 u_dispatch/u_rs_lsu/slots_reg[1][valid]/C
                            (rising edge-triggered cell FDCE clocked by sys_clk_pin  {rise@0.000ns fall@10.000ns period=20.000ns})
  Destination:            u_lsq/sq_reg[3][data][27]/CE
                            (rising edge-triggered cell FDCE clocked by sys_clk_pin  {rise@0.000ns fall@10.000ns period=20.000ns})
  Path Group:             sys_clk_pin
  Path Type:              Setup (Max at Slow Process Corner)
  Requirement:            20.000ns  (sys_clk_pin rise@20.000ns - sys_clk_pin rise@0.000ns)
  Data Path Delay:        18.581ns  (logic 3.142ns (16.910%)  route 15.439ns (83.090%))
  Logic Levels:           15  (LUT2=1 LUT3=1 LUT4=2 LUT5=3 LUT6=7 MUXF7=1)
  Clock Path Skew:        -0.134ns (DCD - SCD + CPR)
    Destination Clock Delay (DCD):    5.318ns = ( 25.318 - 20.000 ) 
    Source Clock Delay      (SCD):    5.761ns
    Clock Pessimism Removal (CPR):    0.309ns
  Clock Uncertainty:      0.035ns  ((TSJ^2 + TIJ^2)^1/2 + DJ) / 2 + PE
    Total System Jitter     (TSJ):    0.071ns
    Total Input Jitter      (TIJ):    0.000ns
    Discrete Jitter          (DJ):    0.000ns
    Phase Error              (PE):    0.000ns

    Location             Delay type                Incr(ns)  Path(ns)    Netlist Resource(s)
  -------------------------------------------------------------------    -------------------
                         (clock sys_clk_pin rise edge)
                                                      0.000     0.000 r  
    H16                                               0.000     0.000 r  clk (IN)
                         net (fo=0)                   0.000     0.000    clk
    H16                  IBUF (Prop_ibuf_I_O)         1.451     1.451 r  clk_IBUF_inst/O
                         net (fo=1, routed)           2.522     3.973    clk_IBUF
    BUFGCTRL_X0Y16       BUFG (Prop_bufg_I_O)         0.101     4.074 r  clk_IBUF_BUFG_inst/O
                         net (fo=14358, routed)       1.687     5.761    u_dispatch/u_rs_lsu/clk_IBUF_BUFG
    SLICE_X30Y80         FDCE                                         r  u_dispatch/u_rs_lsu/slots_reg[1][valid]/C
  -------------------------------------------------------------------    -------------------
    SLICE_X30Y80         FDCE (Prop_fdce_C_Q)         0.518     6.279 f  u_dispatch/u_rs_lsu/slots_reg[1][valid]/Q
                         net (fo=12, routed)          1.386     7.665    u_dispatch/u_rs_lsu/slots_reg[1][valid]_0
    SLICE_X49Y81         LUT4 (Prop_lut4_I0_O)        0.124     7.789 f  u_dispatch/u_rs_lsu/s1_is_load_i_15/O
                         net (fo=7, routed)           0.820     8.609    u_dispatch/u_rs_lsu/s1_is_load_i_15_n_0
    SLICE_X48Y80         LUT5 (Prop_lut5_I2_O)        0.152     8.761 f  u_dispatch/u_rs_lsu/s1_valid_i_7/O
                         net (fo=3, routed)           0.697     9.458    u_dispatch/u_rs_lsu/s1_valid_i_7_n_0
    SLICE_X48Y80         LUT5 (Prop_lut5_I2_O)        0.360     9.818 f  u_dispatch/u_rs_lsu/s1_valid_i_4/O
                         net (fo=3, routed)           0.459    10.277    u_dispatch/u_rs_lsu/s1_valid_i_4_n_0
    SLICE_X48Y79         LUT5 (Prop_lut5_I2_O)        0.326    10.603 r  u_dispatch/u_rs_lsu/s1_is_load_i_9/O
                         net (fo=4, routed)           0.635    11.238    u_dispatch/u_rs_lsu/has_ready1104_out
    SLICE_X49Y79         LUT2 (Prop_lut2_I1_O)        0.124    11.362 r  u_dispatch/u_rs_lsu/s1_is_load_i_14/O
                         net (fo=2, routed)           0.300    11.662    u_dispatch/u_rs_lsu/s1_is_load_i_14_n_0
    SLICE_X49Y79         LUT6 (Prop_lut6_I1_O)        0.124    11.786 f  u_dispatch/u_rs_lsu/s1_is_load_i_6/O
                         net (fo=15, routed)          0.423    12.210    u_dispatch/u_rs_lsu/s1_is_load_i_6_n_0
    SLICE_X47Y79         LUT6 (Prop_lut6_I5_O)        0.124    12.334 r  u_dispatch/u_rs_lsu/s1_is_load_i_2/O
                         net (fo=89, routed)          1.734    14.067    u_dispatch/u_rs_lsu/issue_pkt_o[valid]1
    SLICE_X26Y77         LUT4 (Prop_lut4_I0_O)        0.124    14.191 r  u_dispatch/u_rs_lsu/s1_rob_tag[1]_i_1/O
                         net (fo=18, routed)          2.396    16.587    u_lsq/lsu_issue_pkt[rob_tag][1]
    SLICE_X18Y26         LUT6 (Prop_lut6_I2_O)        0.124    16.711 r  u_lsq/sq[1][word_addr][29]_i_15/O
                         net (fo=1, routed)           0.813    17.525    u_lsq/sq[1][word_addr][29]_i_15_n_0
    SLICE_X19Y26         LUT6 (Prop_lut6_I3_O)        0.124    17.649 r  u_lsq/sq[1][word_addr][29]_i_5/O
                         net (fo=16, routed)          1.215    18.864    u_lsq/sq[1][word_addr][29]_i_5_n_0
    SLICE_X21Y17         LUT6 (Prop_lut6_I4_O)        0.124    18.988 r  u_lsq/sq[1][word_addr][29]_i_45/O
                         net (fo=1, routed)           0.000    18.988    u_lsq/sq[1][word_addr][29]_i_45_n_0
    SLICE_X21Y17         MUXF7 (Prop_muxf7_I1_O)      0.217    19.205 r  u_lsq/sq_reg[1][word_addr][29]_i_25/O
                         net (fo=1, routed)           0.613    19.818    u_dispatch/u_rs_lsu/sq[6][word_addr][29]_i_3_1
    SLICE_X22Y21         LUT6 (Prop_lut6_I4_O)        0.299    20.117 r  u_dispatch/u_rs_lsu/sq[1][word_addr][29]_i_9/O
                         net (fo=8, routed)           0.831    20.948    u_lsq/sq_reg[1][addr_valid]_0
    SLICE_X23Y14         LUT6 (Prop_lut6_I1_O)        0.124    21.072 f  u_lsq/sq[3][word_addr][29]_i_3/O
                         net (fo=66, routed)          1.127    22.200    u_lsq/sq_reg[1][word_addr][29]_i_12_4
    SLICE_X25Y15         LUT3 (Prop_lut3_I0_O)        0.154    22.354 r  u_lsq/sq[3][word_addr][29]_i_1/O
                         net (fo=65, routed)          1.988    24.342    u_lsq/sq[3][word_addr][29]_i_1_n_0
    SLICE_X54Y6          FDCE                                         r  u_lsq/sq_reg[3][data][27]/CE
  -------------------------------------------------------------------    -------------------

                         (clock sys_clk_pin rise edge)
                                                     20.000    20.000 r  
    H16                                               0.000    20.000 r  clk (IN)
                         net (fo=0)                   0.000    20.000    clk
    H16                  IBUF (Prop_ibuf_I_O)         1.380    21.380 r  clk_IBUF_inst/O
                         net (fo=1, routed)           2.293    23.673    clk_IBUF
    BUFGCTRL_X0Y16       BUFG (Prop_bufg_I_O)         0.091    23.764 r  clk_IBUF_BUFG_inst/O
                         net (fo=14358, routed)       1.553    25.318    u_lsq/clk_IBUF_BUFG
    SLICE_X54Y6          FDCE                                         r  u_lsq/sq_reg[3][data][27]/C
                         clock pessimism              0.309    25.627    
                         clock uncertainty           -0.035    25.592    
    SLICE_X54Y6          FDCE (Setup_fdce_C_CE)      -0.372    25.220    u_lsq/sq_reg[3][data][27]
  -------------------------------------------------------------------
                         required time                         25.220    
                         arrival time                         -24.342    
  -------------------------------------------------------------------
                         slack                                  0.878    

Slack (MET) :             1.124ns  (required time - arrival time)
  Source:                 u_dispatch/u_rs_lsu/slots_reg[1][valid]/C
                            (rising edge-triggered cell FDCE clocked by sys_clk_pin  {rise@0.000ns fall@10.000ns period=20.000ns})
  Destination:            u_lsq/sq_reg[3][data][22]/CE
                            (rising edge-triggered cell FDCE clocked by sys_clk_pin  {rise@0.000ns fall@10.000ns period=20.000ns})
  Path Group:             sys_clk_pin
  Path Type:              Setup (Max at Slow Process Corner)
  Requirement:            20.000ns  (sys_clk_pin rise@20.000ns - sys_clk_pin rise@0.000ns)
  Data Path Delay:        18.226ns  (logic 3.142ns (17.239%)  route 15.084ns (82.761%))
  Logic Levels:           15  (LUT2=1 LUT3=1 LUT4=2 LUT5=3 LUT6=7 MUXF7=1)
  Clock Path Skew:        -0.207ns (DCD - SCD + CPR)
    Destination Clock Delay (DCD):    5.245ns = ( 25.245 - 20.000 ) 
    Source Clock Delay      (SCD):    5.761ns
    Clock Pessimism Removal (CPR):    0.309ns
  Clock Uncertainty:      0.035ns  ((TSJ^2 + TIJ^2)^1/2 + DJ) / 2 + PE
    Total System Jitter     (TSJ):    0.071ns
    Total Input Jitter      (TIJ):    0.000ns
    Discrete Jitter          (DJ):    0.000ns
    Phase Error              (PE):    0.000ns

    Location             Delay type                Incr(ns)  Path(ns)    Netlist Resource(s)
  -------------------------------------------------------------------    -------------------
                         (clock sys_clk_pin rise edge)
                                                      0.000     0.000 r  
    H16                                               0.000     0.000 r  clk (IN)
                         net (fo=0)                   0.000     0.000    clk
    H16                  IBUF (Prop_ibuf_I_O)         1.451     1.451 r  clk_IBUF_inst/O
                         net (fo=1, routed)           2.522     3.973    clk_IBUF
    BUFGCTRL_X0Y16       BUFG (Prop_bufg_I_O)         0.101     4.074 r  clk_IBUF_BUFG_inst/O
                         net (fo=14358, routed)       1.687     5.761    u_dispatch/u_rs_lsu/clk_IBUF_BUFG
    SLICE_X30Y80         FDCE                                         r  u_dispatch/u_rs_lsu/slots_reg[1][valid]/C
  -------------------------------------------------------------------    -------------------
    SLICE_X30Y80         FDCE (Prop_fdce_C_Q)         0.518     6.279 f  u_dispatch/u_rs_lsu/slots_reg[1][valid]/Q
                         net (fo=12, routed)          1.386     7.665    u_dispatch/u_rs_lsu/slots_reg[1][valid]_0
    SLICE_X49Y81         LUT4 (Prop_lut4_I0_O)        0.124     7.789 f  u_dispatch/u_rs_lsu/s1_is_load_i_15/O
                         net (fo=7, routed)           0.820     8.609    u_dispatch/u_rs_lsu/s1_is_load_i_15_n_0
    SLICE_X48Y80         LUT5 (Prop_lut5_I2_O)        0.152     8.761 f  u_dispatch/u_rs_lsu/s1_valid_i_7/O
                         net (fo=3, routed)           0.697     9.458    u_dispatch/u_rs_lsu/s1_valid_i_7_n_0
    SLICE_X48Y80         LUT5 (Prop_lut5_I2_O)        0.360     9.818 f  u_dispatch/u_rs_lsu/s1_valid_i_4/O
                         net (fo=3, routed)           0.459    10.277    u_dispatch/u_rs_lsu/s1_valid_i_4_n_0
    SLICE_X48Y79         LUT5 (Prop_lut5_I2_O)        0.326    10.603 r  u_dispatch/u_rs_lsu/s1_is_load_i_9/O
                         net (fo=4, routed)           0.635    11.238    u_dispatch/u_rs_lsu/has_ready1104_out
    SLICE_X49Y79         LUT2 (Prop_lut2_I1_O)        0.124    11.362 r  u_dispatch/u_rs_lsu/s1_is_load_i_14/O
                         net (fo=2, routed)           0.300    11.662    u_dispatch/u_rs_lsu/s1_is_load_i_14_n_0
    SLICE_X49Y79         LUT6 (Prop_lut6_I1_O)        0.124    11.786 f  u_dispatch/u_rs_lsu/s1_is_load_i_6/O
                         net (fo=15, routed)          0.423    12.210    u_dispatch/u_rs_lsu/s1_is_load_i_6_n_0
    SLICE_X47Y79         LUT6 (Prop_lut6_I5_O)        0.124    12.334 r  u_dispatch/u_rs_lsu/s1_is_load_i_2/O
                         net (fo=89, routed)          1.734    14.067    u_dispatch/u_rs_lsu/issue_pkt_o[valid]1
    SLICE_X26Y77         LUT4 (Prop_lut4_I0_O)        0.124    14.191 r  u_dispatch/u_rs_lsu/s1_rob_tag[1]_i_1/O
                         net (fo=18, routed)          2.396    16.587    u_lsq/lsu_issue_pkt[rob_tag][1]
    SLICE_X18Y26         LUT6 (Prop_lut6_I2_O)        0.124    16.711 r  u_lsq/sq[1][word_addr][29]_i_15/O
                         net (fo=1, routed)           0.813    17.525    u_lsq/sq[1][word_addr][29]_i_15_n_0
    SLICE_X19Y26         LUT6 (Prop_lut6_I3_O)        0.124    17.649 r  u_lsq/sq[1][word_addr][29]_i_5/O
                         net (fo=16, routed)          1.215    18.864    u_lsq/sq[1][word_addr][29]_i_5_n_0
    SLICE_X21Y17         LUT6 (Prop_lut6_I4_O)        0.124    18.988 r  u_lsq/sq[1][word_addr][29]_i_45/O
                         net (fo=1, routed)           0.000    18.988    u_lsq/sq[1][word_addr][29]_i_45_n_0
    SLICE_X21Y17         MUXF7 (Prop_muxf7_I1_O)      0.217    19.205 r  u_lsq/sq_reg[1][word_addr][29]_i_25/O
                         net (fo=1, routed)           0.613    19.818    u_dispatch/u_rs_lsu/sq[6][word_addr][29]_i_3_1
    SLICE_X22Y21         LUT6 (Prop_lut6_I4_O)        0.299    20.117 r  u_dispatch/u_rs_lsu/sq[1][word_addr][29]_i_9/O
                         net (fo=8, routed)           0.831    20.948    u_lsq/sq_reg[1][addr_valid]_0
    SLICE_X23Y14         LUT6 (Prop_lut6_I1_O)        0.124    21.072 f  u_lsq/sq[3][word_addr][29]_i_3/O
                         net (fo=66, routed)          1.127    22.200    u_lsq/sq_reg[1][word_addr][29]_i_12_4
    SLICE_X25Y15         LUT3 (Prop_lut3_I0_O)        0.154    22.354 r  u_lsq/sq[3][word_addr][29]_i_1/O
                         net (fo=65, routed)          1.633    23.987    u_lsq/sq[3][word_addr][29]_i_1_n_0
    SLICE_X52Y10         FDCE                                         r  u_lsq/sq_reg[3][data][22]/CE
  -------------------------------------------------------------------    -------------------

                         (clock sys_clk_pin rise edge)
                                                     20.000    20.000 r  
    H16                                               0.000    20.000 r  clk (IN)
                         net (fo=0)                   0.000    20.000    clk
    H16                  IBUF (Prop_ibuf_I_O)         1.380    21.380 r  clk_IBUF_inst/O
                         net (fo=1, routed)           2.293    23.673    clk_IBUF
    BUFGCTRL_X0Y16       BUFG (Prop_bufg_I_O)         0.091    23.764 r  clk_IBUF_BUFG_inst/O
                         net (fo=14358, routed)       1.480    25.245    u_lsq/clk_IBUF_BUFG
    SLICE_X52Y10         FDCE                                         r  u_lsq/sq_reg[3][data][22]/C
                         clock pessimism              0.309    25.554    
                         clock uncertainty           -0.035    25.519    
    SLICE_X52Y10         FDCE (Setup_fdce_C_CE)      -0.408    25.111    u_lsq/sq_reg[3][data][22]
  -------------------------------------------------------------------
                         required time                         25.111    
                         arrival time                         -23.987    
  -------------------------------------------------------------------
                         slack                                  1.124    

Slack (MET) :             1.124ns  (required time - arrival time)
  Source:                 u_dispatch/u_rs_lsu/slots_reg[1][valid]/C
                            (rising edge-triggered cell FDCE clocked by sys_clk_pin  {rise@0.000ns fall@10.000ns period=20.000ns})
  Destination:            u_lsq/sq_reg[3][data][23]/CE
                            (rising edge-triggered cell FDCE clocked by sys_clk_pin  {rise@0.000ns fall@10.000ns period=20.000ns})
  Path Group:             sys_clk_pin
  Path Type:              Setup (Max at Slow Process Corner)
  Requirement:            20.000ns  (sys_clk_pin rise@20.000ns - sys_clk_pin rise@0.000ns)
  Data Path Delay:        18.226ns  (logic 3.142ns (17.239%)  route 15.084ns (82.761%))
  Logic Levels:           15  (LUT2=1 LUT3=1 LUT4=2 LUT5=3 LUT6=7 MUXF7=1)
  Clock Path Skew:        -0.207ns (DCD - SCD + CPR)
    Destination Clock Delay (DCD):    5.245ns = ( 25.245 - 20.000 ) 
    Source Clock Delay      (SCD):    5.761ns
    Clock Pessimism Removal (CPR):    0.309ns
  Clock Uncertainty:      0.035ns  ((TSJ^2 + TIJ^2)^1/2 + DJ) / 2 + PE
    Total System Jitter     (TSJ):    0.071ns
    Total Input Jitter      (TIJ):    0.000ns
    Discrete Jitter          (DJ):    0.000ns
    Phase Error              (PE):    0.000ns

    Location             Delay type                Incr(ns)  Path(ns)    Netlist Resource(s)
  -------------------------------------------------------------------    -------------------
                         (clock sys_clk_pin rise edge)
                                                      0.000     0.000 r  
    H16                                               0.000     0.000 r  clk (IN)
                         net (fo=0)                   0.000     0.000    clk
    H16                  IBUF (Prop_ibuf_I_O)         1.451     1.451 r  clk_IBUF_inst/O
                         net (fo=1, routed)           2.522     3.973    clk_IBUF
    BUFGCTRL_X0Y16       BUFG (Prop_bufg_I_O)         0.101     4.074 r  clk_IBUF_BUFG_inst/O
                         net (fo=14358, routed)       1.687     5.761    u_dispatch/u_rs_lsu/clk_IBUF_BUFG
    SLICE_X30Y80         FDCE                                         r  u_dispatch/u_rs_lsu/slots_reg[1][valid]/C
  -------------------------------------------------------------------    -------------------
    SLICE_X30Y80         FDCE (Prop_fdce_C_Q)         0.518     6.279 f  u_dispatch/u_rs_lsu/slots_reg[1][valid]/Q
                         net (fo=12, routed)          1.386     7.665    u_dispatch/u_rs_lsu/slots_reg[1][valid]_0
    SLICE_X49Y81         LUT4 (Prop_lut4_I0_O)        0.124     7.789 f  u_dispatch/u_rs_lsu/s1_is_load_i_15/O
                         net (fo=7, routed)           0.820     8.609    u_dispatch/u_rs_lsu/s1_is_load_i_15_n_0
    SLICE_X48Y80         LUT5 (Prop_lut5_I2_O)        0.152     8.761 f  u_dispatch/u_rs_lsu/s1_valid_i_7/O
                         net (fo=3, routed)           0.697     9.458    u_dispatch/u_rs_lsu/s1_valid_i_7_n_0
    SLICE_X48Y80         LUT5 (Prop_lut5_I2_O)        0.360     9.818 f  u_dispatch/u_rs_lsu/s1_valid_i_4/O
                         net (fo=3, routed)           0.459    10.277    u_dispatch/u_rs_lsu/s1_valid_i_4_n_0
    SLICE_X48Y79         LUT5 (Prop_lut5_I2_O)        0.326    10.603 r  u_dispatch/u_rs_lsu/s1_is_load_i_9/O
                         net (fo=4, routed)           0.635    11.238    u_dispatch/u_rs_lsu/has_ready1104_out
    SLICE_X49Y79         LUT2 (Prop_lut2_I1_O)        0.124    11.362 r  u_dispatch/u_rs_lsu/s1_is_load_i_14/O
                         net (fo=2, routed)           0.300    11.662    u_dispatch/u_rs_lsu/s1_is_load_i_14_n_0
    SLICE_X49Y79         LUT6 (Prop_lut6_I1_O)        0.124    11.786 f  u_dispatch/u_rs_lsu/s1_is_load_i_6/O
                         net (fo=15, routed)          0.423    12.210    u_dispatch/u_rs_lsu/s1_is_load_i_6_n_0
    SLICE_X47Y79         LUT6 (Prop_lut6_I5_O)        0.124    12.334 r  u_dispatch/u_rs_lsu/s1_is_load_i_2/O
                         net (fo=89, routed)          1.734    14.067    u_dispatch/u_rs_lsu/issue_pkt_o[valid]1
    SLICE_X26Y77         LUT4 (Prop_lut4_I0_O)        0.124    14.191 r  u_dispatch/u_rs_lsu/s1_rob_tag[1]_i_1/O
                         net (fo=18, routed)          2.396    16.587    u_lsq/lsu_issue_pkt[rob_tag][1]
    SLICE_X18Y26         LUT6 (Prop_lut6_I2_O)        0.124    16.711 r  u_lsq/sq[1][word_addr][29]_i_15/O
                         net (fo=1, routed)           0.813    17.525    u_lsq/sq[1][word_addr][29]_i_15_n_0
    SLICE_X19Y26         LUT6 (Prop_lut6_I3_O)        0.124    17.649 r  u_lsq/sq[1][word_addr][29]_i_5/O
                         net (fo=16, routed)          1.215    18.864    u_lsq/sq[1][word_addr][29]_i_5_n_0
    SLICE_X21Y17         LUT6 (Prop_lut6_I4_O)        0.124    18.988 r  u_lsq/sq[1][word_addr][29]_i_45/O
                         net (fo=1, routed)           0.000    18.988    u_lsq/sq[1][word_addr][29]_i_45_n_0
    SLICE_X21Y17         MUXF7 (Prop_muxf7_I1_O)      0.217    19.205 r  u_lsq/sq_reg[1][word_addr][29]_i_25/O
                         net (fo=1, routed)           0.613    19.818    u_dispatch/u_rs_lsu/sq[6][word_addr][29]_i_3_1
    SLICE_X22Y21         LUT6 (Prop_lut6_I4_O)        0.299    20.117 r  u_dispatch/u_rs_lsu/sq[1][word_addr][29]_i_9/O
                         net (fo=8, routed)           0.831    20.948    u_lsq/sq_reg[1][addr_valid]_0
    SLICE_X23Y14         LUT6 (Prop_lut6_I1_O)        0.124    21.072 f  u_lsq/sq[3][word_addr][29]_i_3/O
                         net (fo=66, routed)          1.127    22.200    u_lsq/sq_reg[1][word_addr][29]_i_12_4
    SLICE_X25Y15         LUT3 (Prop_lut3_I0_O)        0.154    22.354 r  u_lsq/sq[3][word_addr][29]_i_1/O
                         net (fo=65, routed)          1.633    23.987    u_lsq/sq[3][word_addr][29]_i_1_n_0
    SLICE_X52Y10         FDCE                                         r  u_lsq/sq_reg[3][data][23]/CE
  -------------------------------------------------------------------    -------------------

                         (clock sys_clk_pin rise edge)
                                                     20.000    20.000 r  
    H16                                               0.000    20.000 r  clk (IN)
                         net (fo=0)                   0.000    20.000    clk
    H16                  IBUF (Prop_ibuf_I_O)         1.380    21.380 r  clk_IBUF_inst/O
                         net (fo=1, routed)           2.293    23.673    clk_IBUF
    BUFGCTRL_X0Y16       BUFG (Prop_bufg_I_O)         0.091    23.764 r  clk_IBUF_BUFG_inst/O
                         net (fo=14358, routed)       1.480    25.245    u_lsq/clk_IBUF_BUFG
    SLICE_X52Y10         FDCE                                         r  u_lsq/sq_reg[3][data][23]/C
                         clock pessimism              0.309    25.554    
                         clock uncertainty           -0.035    25.519    
    SLICE_X52Y10         FDCE (Setup_fdce_C_CE)      -0.408    25.111    u_lsq/sq_reg[3][data][23]
  -------------------------------------------------------------------
                         required time                         25.111    
                         arrival time                         -23.987    
  -------------------------------------------------------------------
                         slack                                  1.124    

Slack (MET) :             1.160ns  (required time - arrival time)
  Source:                 u_dispatch/u_rs_lsu/slots_reg[1][valid]/C
                            (rising edge-triggered cell FDCE clocked by sys_clk_pin  {rise@0.000ns fall@10.000ns period=20.000ns})
  Destination:            u_lsq/sq_reg[3][data][28]/CE
                            (rising edge-triggered cell FDCE clocked by sys_clk_pin  {rise@0.000ns fall@10.000ns period=20.000ns})
  Path Group:             sys_clk_pin
  Path Type:              Setup (Max at Slow Process Corner)
  Requirement:            20.000ns  (sys_clk_pin rise@20.000ns - sys_clk_pin rise@0.000ns)
  Data Path Delay:        18.228ns  (logic 3.142ns (17.237%)  route 15.086ns (82.763%))
  Logic Levels:           15  (LUT2=1 LUT3=1 LUT4=2 LUT5=3 LUT6=7 MUXF7=1)
  Clock Path Skew:        -0.205ns (DCD - SCD + CPR)
    Destination Clock Delay (DCD):    5.247ns = ( 25.247 - 20.000 ) 
    Source Clock Delay      (SCD):    5.761ns
    Clock Pessimism Removal (CPR):    0.309ns
  Clock Uncertainty:      0.035ns  ((TSJ^2 + TIJ^2)^1/2 + DJ) / 2 + PE
    Total System Jitter     (TSJ):    0.071ns
    Total Input Jitter      (TIJ):    0.000ns
    Discrete Jitter          (DJ):    0.000ns
    Phase Error              (PE):    0.000ns

    Location             Delay type                Incr(ns)  Path(ns)    Netlist Resource(s)
  -------------------------------------------------------------------    -------------------
                         (clock sys_clk_pin rise edge)
                                                      0.000     0.000 r  
    H16                                               0.000     0.000 r  clk (IN)
                         net (fo=0)                   0.000     0.000    clk
    H16                  IBUF (Prop_ibuf_I_O)         1.451     1.451 r  clk_IBUF_inst/O
                         net (fo=1, routed)           2.522     3.973    clk_IBUF
    BUFGCTRL_X0Y16       BUFG (Prop_bufg_I_O)         0.101     4.074 r  clk_IBUF_BUFG_inst/O
                         net (fo=14358, routed)       1.687     5.761    u_dispatch/u_rs_lsu/clk_IBUF_BUFG
    SLICE_X30Y80         FDCE                                         r  u_dispatch/u_rs_lsu/slots_reg[1][valid]/C
  -------------------------------------------------------------------    -------------------
    SLICE_X30Y80         FDCE (Prop_fdce_C_Q)         0.518     6.279 f  u_dispatch/u_rs_lsu/slots_reg[1][valid]/Q
                         net (fo=12, routed)          1.386     7.665    u_dispatch/u_rs_lsu/slots_reg[1][valid]_0
    SLICE_X49Y81         LUT4 (Prop_lut4_I0_O)        0.124     7.789 f  u_dispatch/u_rs_lsu/s1_is_load_i_15/O
                         net (fo=7, routed)           0.820     8.609    u_dispatch/u_rs_lsu/s1_is_load_i_15_n_0
    SLICE_X48Y80         LUT5 (Prop_lut5_I2_O)        0.152     8.761 f  u_dispatch/u_rs_lsu/s1_valid_i_7/O
                         net (fo=3, routed)           0.697     9.458    u_dispatch/u_rs_lsu/s1_valid_i_7_n_0
    SLICE_X48Y80         LUT5 (Prop_lut5_I2_O)        0.360     9.818 f  u_dispatch/u_rs_lsu/s1_valid_i_4/O
                         net (fo=3, routed)           0.459    10.277    u_dispatch/u_rs_lsu/s1_valid_i_4_n_0
    SLICE_X48Y79         LUT5 (Prop_lut5_I2_O)        0.326    10.603 r  u_dispatch/u_rs_lsu/s1_is_load_i_9/O
                         net (fo=4, routed)           0.635    11.238    u_dispatch/u_rs_lsu/has_ready1104_out
    SLICE_X49Y79         LUT2 (Prop_lut2_I1_O)        0.124    11.362 r  u_dispatch/u_rs_lsu/s1_is_load_i_14/O
                         net (fo=2, routed)           0.300    11.662    u_dispatch/u_rs_lsu/s1_is_load_i_14_n_0
    SLICE_X49Y79         LUT6 (Prop_lut6_I1_O)        0.124    11.786 f  u_dispatch/u_rs_lsu/s1_is_load_i_6/O
                         net (fo=15, routed)          0.423    12.210    u_dispatch/u_rs_lsu/s1_is_load_i_6_n_0
    SLICE_X47Y79         LUT6 (Prop_lut6_I5_O)        0.124    12.334 r  u_dispatch/u_rs_lsu/s1_is_load_i_2/O
                         net (fo=89, routed)          1.734    14.067    u_dispatch/u_rs_lsu/issue_pkt_o[valid]1
    SLICE_X26Y77         LUT4 (Prop_lut4_I0_O)        0.124    14.191 r  u_dispatch/u_rs_lsu/s1_rob_tag[1]_i_1/O
                         net (fo=18, routed)          2.396    16.587    u_lsq/lsu_issue_pkt[rob_tag][1]
    SLICE_X18Y26         LUT6 (Prop_lut6_I2_O)        0.124    16.711 r  u_lsq/sq[1][word_addr][29]_i_15/O
                         net (fo=1, routed)           0.813    17.525    u_lsq/sq[1][word_addr][29]_i_15_n_0
    SLICE_X19Y26         LUT6 (Prop_lut6_I3_O)        0.124    17.649 r  u_lsq/sq[1][word_addr][29]_i_5/O
                         net (fo=16, routed)          1.215    18.864    u_lsq/sq[1][word_addr][29]_i_5_n_0
    SLICE_X21Y17         LUT6 (Prop_lut6_I4_O)        0.124    18.988 r  u_lsq/sq[1][word_addr][29]_i_45/O
                         net (fo=1, routed)           0.000    18.988    u_lsq/sq[1][word_addr][29]_i_45_n_0
    SLICE_X21Y17         MUXF7 (Prop_muxf7_I1_O)      0.217    19.205 r  u_lsq/sq_reg[1][word_addr][29]_i_25/O
                         net (fo=1, routed)           0.613    19.818    u_dispatch/u_rs_lsu/sq[6][word_addr][29]_i_3_1
    SLICE_X22Y21         LUT6 (Prop_lut6_I4_O)        0.299    20.117 r  u_dispatch/u_rs_lsu/sq[1][word_addr][29]_i_9/O
                         net (fo=8, routed)           0.831    20.948    u_lsq/sq_reg[1][addr_valid]_0
    SLICE_X23Y14         LUT6 (Prop_lut6_I1_O)        0.124    21.072 f  u_lsq/sq[3][word_addr][29]_i_3/O
                         net (fo=66, routed)          1.127    22.200    u_lsq/sq_reg[1][word_addr][29]_i_12_4
    SLICE_X25Y15         LUT3 (Prop_lut3_I0_O)        0.154    22.354 r  u_lsq/sq[3][word_addr][29]_i_1/O
                         net (fo=65, routed)          1.635    23.989    u_lsq/sq[3][word_addr][29]_i_1_n_0
    SLICE_X50Y6          FDCE                                         r  u_lsq/sq_reg[3][data][28]/CE
  -------------------------------------------------------------------    -------------------

                         (clock sys_clk_pin rise edge)
                                                     20.000    20.000 r  
    H16                                               0.000    20.000 r  clk (IN)
                         net (fo=0)                   0.000    20.000    clk
    H16                  IBUF (Prop_ibuf_I_O)         1.380    21.380 r  clk_IBUF_inst/O
                         net (fo=1, routed)           2.293    23.673    clk_IBUF
    BUFGCTRL_X0Y16       BUFG (Prop_bufg_I_O)         0.091    23.764 r  clk_IBUF_BUFG_inst/O
                         net (fo=14358, routed)       1.482    25.247    u_lsq/clk_IBUF_BUFG
    SLICE_X50Y6          FDCE                                         r  u_lsq/sq_reg[3][data][28]/C
                         clock pessimism              0.309    25.556    
                         clock uncertainty           -0.035    25.521    
    SLICE_X50Y6          FDCE (Setup_fdce_C_CE)      -0.372    25.149    u_lsq/sq_reg[3][data][28]
  -------------------------------------------------------------------
                         required time                         25.149    
                         arrival time                         -23.989    
  -------------------------------------------------------------------
                         slack                                  1.160    

Slack (MET) :             1.168ns  (required time - arrival time)
  Source:                 u_dispatch/u_rs_alu/slots_reg[3][valid]/C
                            (rising edge-triggered cell FDCE clocked by sys_clk_pin  {rise@0.000ns fall@10.000ns period=20.000ns})
  Destination:            u_alu/wb_data_o_reg[25]/D
                            (rising edge-triggered cell FDCE clocked by sys_clk_pin  {rise@0.000ns fall@10.000ns period=20.000ns})
  Path Group:             sys_clk_pin
  Path Type:              Setup (Max at Slow Process Corner)
  Requirement:            20.000ns  (sys_clk_pin rise@20.000ns - sys_clk_pin rise@0.000ns)
  Data Path Delay:        18.760ns  (logic 5.283ns (28.161%)  route 13.477ns (71.839%))
  Logic Levels:           22  (CARRY4=7 LUT2=3 LUT4=2 LUT5=2 LUT6=5 MUXF7=2 MUXF8=1)
  Clock Path Skew:        0.008ns (DCD - SCD + CPR)
    Destination Clock Delay (DCD):    5.368ns = ( 25.368 - 20.000 ) 
    Source Clock Delay      (SCD):    5.784ns
    Clock Pessimism Removal (CPR):    0.423ns
  Clock Uncertainty:      0.035ns  ((TSJ^2 + TIJ^2)^1/2 + DJ) / 2 + PE
    Total System Jitter     (TSJ):    0.071ns
    Total Input Jitter      (TIJ):    0.000ns
    Discrete Jitter          (DJ):    0.000ns
    Phase Error              (PE):    0.000ns

    Location             Delay type                Incr(ns)  Path(ns)    Netlist Resource(s)
  -------------------------------------------------------------------    -------------------
                         (clock sys_clk_pin rise edge)
                                                      0.000     0.000 r  
    H16                                               0.000     0.000 r  clk (IN)
                         net (fo=0)                   0.000     0.000    clk
    H16                  IBUF (Prop_ibuf_I_O)         1.451     1.451 r  clk_IBUF_inst/O
                         net (fo=1, routed)           2.522     3.973    clk_IBUF
    BUFGCTRL_X0Y16       BUFG (Prop_bufg_I_O)         0.101     4.074 r  clk_IBUF_BUFG_inst/O
                         net (fo=14358, routed)       1.710     5.784    u_dispatch/u_rs_alu/clk_IBUF_BUFG
    SLICE_X66Y85         FDCE                                         r  u_dispatch/u_rs_alu/slots_reg[3][valid]/C
  -------------------------------------------------------------------    -------------------
    SLICE_X66Y85         FDCE (Prop_fdce_C_Q)         0.518     6.302 r  u_dispatch/u_rs_alu/slots_reg[3][valid]/Q
                         net (fo=15, routed)          1.070     7.371    u_dispatch/u_rs_alu/slots_reg[3][valid]_0
    SLICE_X59Y84         LUT2 (Prop_lut2_I0_O)        0.152     7.523 r  u_dispatch/u_rs_alu/wb_valid_o_i_4/O
                         net (fo=7, routed)           0.473     7.996    u_dispatch/u_rs_alu/wb_valid_o_i_4_n_0
    SLICE_X60Y84         LUT6 (Prop_lut6_I2_O)        0.326     8.322 r  u_dispatch/u_rs_alu/wb_valid_o_i_3/O
                         net (fo=2, routed)           0.674     8.996    u_dispatch/u_rs_alu/wb_valid_o_i_3_n_0
    SLICE_X60Y84         LUT5 (Prop_lut5_I2_O)        0.152     9.148 r  u_dispatch/u_rs_alu/wb_valid_o_i_2/O
                         net (fo=2, routed)           0.455     9.603    u_dispatch/u_rs_alu/has_ready
    SLICE_X60Y84         LUT6 (Prop_lut6_I0_O)        0.326     9.929 r  u_dispatch/u_rs_alu/wb_dst_prf_o[6]_i_2__0/O
                         net (fo=96, routed)          1.847    11.776    u_dispatch/u_rs_alu/issue_pkt_o[valid]1
    SLICE_X58Y55         LUT4 (Prop_lut4_I0_O)        0.124    11.900 r  u_dispatch/u_rs_alu/wb_data_o[31]_i_129/O
                         net (fo=516, routed)         2.254    14.154    u_dispatch/u_prf/alu_issue_pkt[src1_prf][2]
    SLICE_X70Y24         MUXF7 (Prop_muxf7_S_O)       0.296    14.450 r  u_dispatch/u_prf/wb_data_o_reg[30]_i_94/O
                         net (fo=1, routed)           0.000    14.450    u_dispatch/u_prf/wb_data_o_reg[30]_i_94_n_0
    SLICE_X70Y24         MUXF8 (Prop_muxf8_I0_O)      0.104    14.554 r  u_dispatch/u_prf/wb_data_o_reg[30]_i_51/O
                         net (fo=1, routed)           0.757    15.310    u_dispatch/u_prf/wb_data_o_reg[30]_i_51_n_0
    SLICE_X71Y28         LUT6 (Prop_lut6_I1_O)        0.316    15.626 r  u_dispatch/u_prf/wb_data_o[30]_i_32/O
                         net (fo=1, routed)           0.000    15.626    u_dispatch/u_prf/wb_data_o[30]_i_32_n_0
    SLICE_X71Y28         MUXF7 (Prop_muxf7_I1_O)      0.217    15.843 r  u_dispatch/u_prf/wb_data_o_reg[30]_i_21/O
                         net (fo=1, routed)           2.157    18.000    u_dispatch/u_rs_alu/alu_src1_data_raw[0]
    SLICE_X88Y75         LUT5 (Prop_lut5_I1_O)        0.299    18.299 r  u_dispatch/u_rs_alu/wb_data_o[30]_i_9__0/O
                         net (fo=1, routed)           0.897    19.196    u_dispatch/u_rs_alu/wb_data_o[30]_i_9__0_n_0
    SLICE_X98Y78         LUT4 (Prop_lut4_I2_O)        0.124    19.320 r  u_dispatch/u_rs_alu/wb_data_o[30]_i_4__0/O
                         net (fo=36, routed)          0.563    19.883    u_dispatch/u_rs_alu/wb_data_o[30]_i_4__0_n_0
    SLICE_X94Y78         LUT2 (Prop_lut2_I1_O)        0.124    20.007 r  u_dispatch/u_rs_alu/wb_data_o[3]_i_16/O
                         net (fo=1, routed)           0.000    20.007    u_dispatch/u_rs_alu/wb_data_o[3]_i_16_n_0
    SLICE_X94Y78         CARRY4 (Prop_carry4_S[0]_CO[3])
                                                      0.513    20.520 r  u_dispatch/u_rs_alu/wb_data_o_reg[3]_i_10/CO[3]
                         net (fo=1, routed)           0.000    20.520    u_dispatch/u_rs_alu/wb_data_o_reg[3]_i_10_n_0
    SLICE_X94Y79         CARRY4 (Prop_carry4_CI_CO[3])
                                                      0.117    20.637 r  u_dispatch/u_rs_alu/wb_data_o_reg[7]_i_10/CO[3]
                         net (fo=1, routed)           0.000    20.637    u_dispatch/u_rs_alu/wb_data_o_reg[7]_i_10_n_0
    SLICE_X94Y80         CARRY4 (Prop_carry4_CI_CO[3])
                                                      0.117    20.754 r  u_dispatch/u_rs_alu/wb_data_o_reg[11]_i_10/CO[3]
                         net (fo=1, routed)           0.000    20.754    u_dispatch/u_rs_alu/wb_data_o_reg[11]_i_10_n_0
    SLICE_X94Y81         CARRY4 (Prop_carry4_CI_CO[3])
                                                      0.117    20.871 r  u_dispatch/u_rs_alu/wb_data_o_reg[15]_i_10/CO[3]
                         net (fo=1, routed)           0.000    20.871    u_dispatch/u_rs_alu/wb_data_o_reg[15]_i_10_n_0
    SLICE_X94Y82         CARRY4 (Prop_carry4_CI_CO[3])
                                                      0.117    20.988 r  u_dispatch/u_rs_alu/wb_data_o_reg[19]_i_12/CO[3]
                         net (fo=1, routed)           0.000    20.988    u_dispatch/u_rs_alu/wb_data_o_reg[19]_i_12_n_0
    SLICE_X94Y83         CARRY4 (Prop_carry4_CI_CO[3])
                                                      0.117    21.105 r  u_dispatch/u_rs_alu/wb_data_o_reg[23]_i_10/CO[3]
                         net (fo=1, routed)           0.000    21.105    u_dispatch/u_rs_alu/wb_data_o_reg[23]_i_10_n_0
    SLICE_X94Y84         CARRY4 (Prop_carry4_CI_O[1])
                                                      0.323    21.428 r  u_dispatch/u_rs_alu/wb_data_o_reg[31]_i_23/O[1]
                         net (fo=1, routed)           0.673    22.101    u_dispatch/u_rs_alu/u_alu/data1[25]
    SLICE_X94Y86         LUT6 (Prop_lut6_I0_O)        0.306    22.407 f  u_dispatch/u_rs_alu/wb_data_o[25]_i_8__0/O
                         net (fo=1, routed)           0.593    23.000    u_dispatch/u_rs_alu/wb_data_o[25]_i_8__0_n_0
    SLICE_X94Y87         LUT2 (Prop_lut2_I1_O)        0.150    23.150 f  u_dispatch/u_rs_alu/wb_data_o[25]_i_4__0/O
                         net (fo=1, routed)           0.452    23.603    u_dispatch/u_rs_alu/wb_data_o[25]_i_4__0_n_0
    SLICE_X94Y87         LUT6 (Prop_lut6_I5_O)        0.328    23.931 r  u_dispatch/u_rs_alu/wb_data_o[25]_i_1__0/O
                         net (fo=1, routed)           0.613    24.543    u_alu/D[25]
    SLICE_X94Y87         FDCE                                         r  u_alu/wb_data_o_reg[25]/D
  -------------------------------------------------------------------    -------------------

                         (clock sys_clk_pin rise edge)
                                                     20.000    20.000 r  
    H16                                               0.000    20.000 r  clk (IN)
                         net (fo=0)                   0.000    20.000    clk
    H16                  IBUF (Prop_ibuf_I_O)         1.380    21.380 r  clk_IBUF_inst/O
                         net (fo=1, routed)           2.293    23.673    clk_IBUF
    BUFGCTRL_X0Y16       BUFG (Prop_bufg_I_O)         0.091    23.764 r  clk_IBUF_BUFG_inst/O
                         net (fo=14358, routed)       1.604    25.368    u_alu/clk_IBUF_BUFG
    SLICE_X94Y87         FDCE                                         r  u_alu/wb_data_o_reg[25]/C
                         clock pessimism              0.423    25.792    
                         clock uncertainty           -0.035    25.756    
    SLICE_X94Y87         FDCE (Setup_fdce_C_D)       -0.045    25.711    u_alu/wb_data_o_reg[25]
  -------------------------------------------------------------------
                         required time                         25.711    
                         arrival time                         -24.543    
  -------------------------------------------------------------------
                         slack                                  1.168    

Slack (MET) :             1.196ns  (required time - arrival time)
  Source:                 u_dispatch/u_rs_alu/slots_reg[3][valid]/C
                            (rising edge-triggered cell FDCE clocked by sys_clk_pin  {rise@0.000ns fall@10.000ns period=20.000ns})
  Destination:            u_alu/wb_data_o_reg[17]/D
                            (rising edge-triggered cell FDCE clocked by sys_clk_pin  {rise@0.000ns fall@10.000ns period=20.000ns})
  Path Group:             sys_clk_pin
  Path Type:              Setup (Max at Slow Process Corner)
  Requirement:            20.000ns  (sys_clk_pin rise@20.000ns - sys_clk_pin rise@0.000ns)
  Data Path Delay:        18.690ns  (logic 5.049ns (27.015%)  route 13.641ns (72.985%))
  Logic Levels:           20  (CARRY4=5 LUT2=3 LUT4=2 LUT5=2 LUT6=5 MUXF7=2 MUXF8=1)
  Clock Path Skew:        0.002ns (DCD - SCD + CPR)
    Destination Clock Delay (DCD):    5.362ns = ( 25.362 - 20.000 ) 
    Source Clock Delay      (SCD):    5.784ns
    Clock Pessimism Removal (CPR):    0.423ns
  Clock Uncertainty:      0.035ns  ((TSJ^2 + TIJ^2)^1/2 + DJ) / 2 + PE
    Total System Jitter     (TSJ):    0.071ns
    Total Input Jitter      (TIJ):    0.000ns
    Discrete Jitter          (DJ):    0.000ns
    Phase Error              (PE):    0.000ns

    Location             Delay type                Incr(ns)  Path(ns)    Netlist Resource(s)
  -------------------------------------------------------------------    -------------------
                         (clock sys_clk_pin rise edge)
                                                      0.000     0.000 r  
    H16                                               0.000     0.000 r  clk (IN)
                         net (fo=0)                   0.000     0.000    clk
    H16                  IBUF (Prop_ibuf_I_O)         1.451     1.451 r  clk_IBUF_inst/O
                         net (fo=1, routed)           2.522     3.973    clk_IBUF
    BUFGCTRL_X0Y16       BUFG (Prop_bufg_I_O)         0.101     4.074 r  clk_IBUF_BUFG_inst/O
                         net (fo=14358, routed)       1.710     5.784    u_dispatch/u_rs_alu/clk_IBUF_BUFG
    SLICE_X66Y85         FDCE                                         r  u_dispatch/u_rs_alu/slots_reg[3][valid]/C
  -------------------------------------------------------------------    -------------------
    SLICE_X66Y85         FDCE (Prop_fdce_C_Q)         0.518     6.302 r  u_dispatch/u_rs_alu/slots_reg[3][valid]/Q
                         net (fo=15, routed)          1.070     7.371    u_dispatch/u_rs_alu/slots_reg[3][valid]_0
    SLICE_X59Y84         LUT2 (Prop_lut2_I0_O)        0.152     7.523 r  u_dispatch/u_rs_alu/wb_valid_o_i_4/O
                         net (fo=7, routed)           0.473     7.996    u_dispatch/u_rs_alu/wb_valid_o_i_4_n_0
    SLICE_X60Y84         LUT6 (Prop_lut6_I2_O)        0.326     8.322 r  u_dispatch/u_rs_alu/wb_valid_o_i_3/O
                         net (fo=2, routed)           0.674     8.996    u_dispatch/u_rs_alu/wb_valid_o_i_3_n_0
    SLICE_X60Y84         LUT5 (Prop_lut5_I2_O)        0.152     9.148 r  u_dispatch/u_rs_alu/wb_valid_o_i_2/O
                         net (fo=2, routed)           0.455     9.603    u_dispatch/u_rs_alu/has_ready
    SLICE_X60Y84         LUT6 (Prop_lut6_I0_O)        0.326     9.929 r  u_dispatch/u_rs_alu/wb_dst_prf_o[6]_i_2__0/O
                         net (fo=96, routed)          1.847    11.776    u_dispatch/u_rs_alu/issue_pkt_o[valid]1
    SLICE_X58Y55         LUT4 (Prop_lut4_I0_O)        0.124    11.900 r  u_dispatch/u_rs_alu/wb_data_o[31]_i_129/O
                         net (fo=516, routed)         2.254    14.154    u_dispatch/u_prf/alu_issue_pkt[src1_prf][2]
    SLICE_X70Y24         MUXF7 (Prop_muxf7_S_O)       0.296    14.450 r  u_dispatch/u_prf/wb_data_o_reg[30]_i_94/O
                         net (fo=1, routed)           0.000    14.450    u_dispatch/u_prf/wb_data_o_reg[30]_i_94_n_0
    SLICE_X70Y24         MUXF8 (Prop_muxf8_I0_O)      0.104    14.554 r  u_dispatch/u_prf/wb_data_o_reg[30]_i_51/O
                         net (fo=1, routed)           0.757    15.310    u_dispatch/u_prf/wb_data_o_reg[30]_i_51_n_0
    SLICE_X71Y28         LUT6 (Prop_lut6_I1_O)        0.316    15.626 r  u_dispatch/u_prf/wb_data_o[30]_i_32/O
                         net (fo=1, routed)           0.000    15.626    u_dispatch/u_prf/wb_data_o[30]_i_32_n_0
    SLICE_X71Y28         MUXF7 (Prop_muxf7_I1_O)      0.217    15.843 r  u_dispatch/u_prf/wb_data_o_reg[30]_i_21/O
                         net (fo=1, routed)           2.157    18.000    u_dispatch/u_rs_alu/alu_src1_data_raw[0]
    SLICE_X88Y75         LUT5 (Prop_lut5_I1_O)        0.299    18.299 r  u_dispatch/u_rs_alu/wb_data_o[30]_i_9__0/O
                         net (fo=1, routed)           0.897    19.196    u_dispatch/u_rs_alu/wb_data_o[30]_i_9__0_n_0
    SLICE_X98Y78         LUT4 (Prop_lut4_I2_O)        0.124    19.320 r  u_dispatch/u_rs_alu/wb_data_o[30]_i_4__0/O
                         net (fo=36, routed)          0.553    19.873    u_dispatch/u_rs_alu/wb_data_o[30]_i_4__0_n_0
    SLICE_X96Y78         LUT2 (Prop_lut2_I1_O)        0.124    19.997 r  u_dispatch/u_rs_alu/wb_data_o[3]_i_20/O
                         net (fo=1, routed)           0.000    19.997    u_dispatch/u_rs_alu/wb_data_o[3]_i_20_n_0
    SLICE_X96Y78         CARRY4 (Prop_carry4_S[0]_CO[3])
                                                      0.513    20.510 r  u_dispatch/u_rs_alu/wb_data_o_reg[3]_i_11/CO[3]
                         net (fo=1, routed)           0.000    20.510    u_dispatch/u_rs_alu/wb_data_o_reg[3]_i_11_n_0
    SLICE_X96Y79         CARRY4 (Prop_carry4_CI_CO[3])
                                                      0.117    20.627 r  u_dispatch/u_rs_alu/wb_data_o_reg[7]_i_11/CO[3]
                         net (fo=1, routed)           0.000    20.627    u_dispatch/u_rs_alu/wb_data_o_reg[7]_i_11_n_0
    SLICE_X96Y80         CARRY4 (Prop_carry4_CI_CO[3])
                                                      0.117    20.744 r  u_dispatch/u_rs_alu/wb_data_o_reg[11]_i_11/CO[3]
                         net (fo=1, routed)           0.000    20.744    u_dispatch/u_rs_alu/wb_data_o_reg[11]_i_11_n_0
    SLICE_X96Y81         CARRY4 (Prop_carry4_CI_CO[3])
                                                      0.117    20.861 r  u_dispatch/u_rs_alu/wb_data_o_reg[15]_i_11/CO[3]
                         net (fo=1, routed)           0.000    20.861    u_dispatch/u_rs_alu/wb_data_o_reg[15]_i_11_n_0
    SLICE_X96Y82         CARRY4 (Prop_carry4_CI_O[1])
                                                      0.323    21.184 r  u_dispatch/u_rs_alu/wb_data_o_reg[19]_i_13/O[1]
                         net (fo=1, routed)           0.646    21.831    u_dispatch/u_rs_alu/u_alu/data0[17]
    SLICE_X95Y81         LUT6 (Prop_lut6_I1_O)        0.306    22.137 f  u_dispatch/u_rs_alu/wb_data_o[17]_i_8__0/O
                         net (fo=1, routed)           0.665    22.802    u_dispatch/u_rs_alu/wb_data_o[17]_i_8__0_n_0
    SLICE_X95Y81         LUT2 (Prop_lut2_I1_O)        0.152    22.954 f  u_dispatch/u_rs_alu/wb_data_o[17]_i_4__0/O
                         net (fo=1, routed)           0.581    23.535    u_dispatch/u_rs_alu/wb_data_o[17]_i_4__0_n_0
    SLICE_X99Y81         LUT6 (Prop_lut6_I5_O)        0.326    23.861 r  u_dispatch/u_rs_alu/wb_data_o[17]_i_1__0/O
                         net (fo=1, routed)           0.613    24.473    u_alu/D[17]
    SLICE_X99Y81         FDCE                                         r  u_alu/wb_data_o_reg[17]/D
  -------------------------------------------------------------------    -------------------

                         (clock sys_clk_pin rise edge)
                                                     20.000    20.000 r  
    H16                                               0.000    20.000 r  clk (IN)
                         net (fo=0)                   0.000    20.000    clk
    H16                  IBUF (Prop_ibuf_I_O)         1.380    21.380 r  clk_IBUF_inst/O
                         net (fo=1, routed)           2.293    23.673    clk_IBUF
    BUFGCTRL_X0Y16       BUFG (Prop_bufg_I_O)         0.091    23.764 r  clk_IBUF_BUFG_inst/O
                         net (fo=14358, routed)       1.598    25.362    u_alu/clk_IBUF_BUFG
    SLICE_X99Y81         FDCE                                         r  u_alu/wb_data_o_reg[17]/C
                         clock pessimism              0.423    25.786    
                         clock uncertainty           -0.035    25.750    
    SLICE_X99Y81         FDCE (Setup_fdce_C_D)       -0.081    25.669    u_alu/wb_data_o_reg[17]
  -------------------------------------------------------------------
                         required time                         25.669    
                         arrival time                         -24.473    
  -------------------------------------------------------------------
                         slack                                  1.196    





Min Delay Paths
--------------------------------------------------------------------------------------
Slack (MET) :             0.088ns  (arrival time - required time)
  Source:                 u_dispatch/u_skid_rn_dispatch/data_reg_reg[pred_target][3]/C
                            (rising edge-triggered cell FDRE clocked by sys_clk_pin  {rise@0.000ns fall@10.000ns period=20.000ns})
  Destination:            u_dispatch/u_rs_br/slots_reg[3][pkt][pred_target][3]/D
                            (rising edge-triggered cell FDCE clocked by sys_clk_pin  {rise@0.000ns fall@10.000ns period=20.000ns})
  Path Group:             sys_clk_pin
  Path Type:              Hold (Min at Fast Process Corner)
  Requirement:            0.000ns  (sys_clk_pin rise@0.000ns - sys_clk_pin rise@0.000ns)
  Data Path Delay:        0.503ns  (logic 0.247ns (49.133%)  route 0.256ns (50.867%))
  Logic Levels:           1  (LUT6=1)
  Clock Path Skew:        0.351ns (DCD - SCD - CPR)
    Destination Clock Delay (DCD):    2.307ns
    Source Clock Delay      (SCD):    1.695ns
    Clock Pessimism Removal (CPR):    0.261ns

    Location             Delay type                Incr(ns)  Path(ns)    Netlist Resource(s)
  -------------------------------------------------------------------    -------------------
                         (clock sys_clk_pin rise edge)
                                                      0.000     0.000 r  
    H16                                               0.000     0.000 r  clk (IN)
                         net (fo=0)                   0.000     0.000    clk
    H16                  IBUF (Prop_ibuf_I_O)         0.219     0.219 r  clk_IBUF_inst/O
                         net (fo=1, routed)           0.842     1.060    clk_IBUF
    BUFGCTRL_X0Y16       BUFG (Prop_bufg_I_O)         0.026     1.086 r  clk_IBUF_BUFG_inst/O
                         net (fo=14358, routed)       0.609     1.695    u_dispatch/u_skid_rn_dispatch/clk_IBUF_BUFG
    SLICE_X100Y99        FDRE                                         r  u_dispatch/u_skid_rn_dispatch/data_reg_reg[pred_target][3]/C
  -------------------------------------------------------------------    -------------------
    SLICE_X100Y99        FDRE (Prop_fdre_C_Q)         0.148     1.843 r  u_dispatch/u_skid_rn_dispatch/data_reg_reg[pred_target][3]/Q
                         net (fo=1, routed)           0.084     1.927    u_dispatch/u_skid_rn_dispatch/pb_pkt[pred_target][3]
    SLICE_X100Y99        LUT6 (Prop_lut6_I2_O)        0.099     2.026 r  u_dispatch/u_skid_rn_dispatch/slots[0][pkt][pred_target][3]_i_1/O
                         net (fo=8, routed)           0.172     2.198    u_dispatch/u_rs_br/slots_reg[7][pkt][pred_target][31]_0[3]
    SLICE_X100Y101       FDCE                                         r  u_dispatch/u_rs_br/slots_reg[3][pkt][pred_target][3]/D
  -------------------------------------------------------------------    -------------------

                         (clock sys_clk_pin rise edge)
                                                      0.000     0.000 r  
    H16                                               0.000     0.000 r  clk (IN)
                         net (fo=0)                   0.000     0.000    clk
    H16                  IBUF (Prop_ibuf_I_O)         0.406     0.406 r  clk_IBUF_inst/O
                         net (fo=1, routed)           0.907     1.313    clk_IBUF
    BUFGCTRL_X0Y16       BUFG (Prop_bufg_I_O)         0.029     1.342 r  clk_IBUF_BUFG_inst/O
                         net (fo=14358, routed)       0.965     2.307    u_dispatch/u_rs_br/clk_IBUF_BUFG
    SLICE_X100Y101       FDCE                                         r  u_dispatch/u_rs_br/slots_reg[3][pkt][pred_target][3]/C
                         clock pessimism             -0.261     2.046    
    SLICE_X100Y101       FDCE (Hold_fdce_C_D)         0.063     2.109    u_dispatch/u_rs_br/slots_reg[3][pkt][pred_target][3]
  -------------------------------------------------------------------
                         required time                         -2.109    
                         arrival time                           2.198    
  -------------------------------------------------------------------
                         slack                                  0.088    

Slack (MET) :             0.096ns  (arrival time - required time)
  Source:                 u_dispatch/u_skid_rn_dispatch/data_reg_reg[pred_target][13]/C
                            (rising edge-triggered cell FDRE clocked by sys_clk_pin  {rise@0.000ns fall@10.000ns period=20.000ns})
  Destination:            u_dispatch/u_rs_br/slots_reg[3][pkt][pred_target][13]/D
                            (rising edge-triggered cell FDCE clocked by sys_clk_pin  {rise@0.000ns fall@10.000ns period=20.000ns})
  Path Group:             sys_clk_pin
  Path Type:              Hold (Min at Fast Process Corner)
  Requirement:            0.000ns  (sys_clk_pin rise@0.000ns - sys_clk_pin rise@0.000ns)
  Data Path Delay:        0.499ns  (logic 0.246ns (49.287%)  route 0.253ns (50.713%))
  Logic Levels:           1  (LUT6=1)
  Clock Path Skew:        0.351ns (DCD - SCD - CPR)
    Destination Clock Delay (DCD):    2.307ns
    Source Clock Delay      (SCD):    1.695ns
    Clock Pessimism Removal (CPR):    0.261ns

    Location             Delay type                Incr(ns)  Path(ns)    Netlist Resource(s)
  -------------------------------------------------------------------    -------------------
                         (clock sys_clk_pin rise edge)
                                                      0.000     0.000 r  
    H16                                               0.000     0.000 r  clk (IN)
                         net (fo=0)                   0.000     0.000    clk
    H16                  IBUF (Prop_ibuf_I_O)         0.219     0.219 r  clk_IBUF_inst/O
                         net (fo=1, routed)           0.842     1.060    clk_IBUF
    BUFGCTRL_X0Y16       BUFG (Prop_bufg_I_O)         0.026     1.086 r  clk_IBUF_BUFG_inst/O
                         net (fo=14358, routed)       0.609     1.695    u_dispatch/u_skid_rn_dispatch/clk_IBUF_BUFG
    SLICE_X100Y99        FDRE                                         r  u_dispatch/u_skid_rn_dispatch/data_reg_reg[pred_target][13]/C
  -------------------------------------------------------------------    -------------------
    SLICE_X100Y99        FDRE (Prop_fdre_C_Q)         0.148     1.843 r  u_dispatch/u_skid_rn_dispatch/data_reg_reg[pred_target][13]/Q
                         net (fo=1, routed)           0.117     1.960    u_dispatch/u_skid_rn_dispatch/pb_pkt[pred_target][13]
    SLICE_X100Y101       LUT6 (Prop_lut6_I2_O)        0.098     2.058 r  u_dispatch/u_skid_rn_dispatch/slots[0][pkt][pred_target][13]_i_1/O
                         net (fo=8, routed)           0.136     2.194    u_dispatch/u_rs_br/slots_reg[7][pkt][pred_target][31]_0[13]
    SLICE_X100Y101       FDCE                                         r  u_dispatch/u_rs_br/slots_reg[3][pkt][pred_target][13]/D
  -------------------------------------------------------------------    -------------------

                         (clock sys_clk_pin rise edge)
                                                      0.000     0.000 r  
    H16                                               0.000     0.000 r  clk (IN)
                         net (fo=0)                   0.000     0.000    clk
    H16                  IBUF (Prop_ibuf_I_O)         0.406     0.406 r  clk_IBUF_inst/O
                         net (fo=1, routed)           0.907     1.313    clk_IBUF
    BUFGCTRL_X0Y16       BUFG (Prop_bufg_I_O)         0.029     1.342 r  clk_IBUF_BUFG_inst/O
                         net (fo=14358, routed)       0.965     2.307    u_dispatch/u_rs_br/clk_IBUF_BUFG
    SLICE_X100Y101       FDCE                                         r  u_dispatch/u_rs_br/slots_reg[3][pkt][pred_target][13]/C
                         clock pessimism             -0.261     2.046    
    SLICE_X100Y101       FDCE (Hold_fdce_C_D)         0.052     2.098    u_dispatch/u_rs_br/slots_reg[3][pkt][pred_target][13]
  -------------------------------------------------------------------
                         required time                         -2.098    
                         arrival time                           2.194    
  -------------------------------------------------------------------
                         slack                                  0.096    

Slack (MET) :             0.096ns  (arrival time - required time)
  Source:                 u_skid_fetch_decode/data_reg_reg[78]/C
                            (rising edge-triggered cell FDRE clocked by sys_clk_pin  {rise@0.000ns fall@10.000ns period=20.000ns})
  Destination:            u_skid_decode_rename/data_skid_reg[pc][12]/D
                            (rising edge-triggered cell FDRE clocked by sys_clk_pin  {rise@0.000ns fall@10.000ns period=20.000ns})
  Path Group:             sys_clk_pin
  Path Type:              Hold (Min at Fast Process Corner)
  Requirement:            0.000ns  (sys_clk_pin rise@0.000ns - sys_clk_pin rise@0.000ns)
  Data Path Delay:        0.297ns  (logic 0.128ns (43.076%)  route 0.169ns (56.924%))
  Logic Levels:           0  
  Clock Path Skew:        0.185ns (DCD - SCD - CPR)
    Destination Clock Delay (DCD):    2.251ns
    Source Clock Delay      (SCD):    1.806ns
    Clock Pessimism Removal (CPR):    0.261ns

    Location             Delay type                Incr(ns)  Path(ns)    Netlist Resource(s)
  -------------------------------------------------------------------    -------------------
                         (clock sys_clk_pin rise edge)
                                                      0.000     0.000 r  
    H16                                               0.000     0.000 r  clk (IN)
                         net (fo=0)                   0.000     0.000    clk
    H16                  IBUF (Prop_ibuf_I_O)         0.219     0.219 r  clk_IBUF_inst/O
                         net (fo=1, routed)           0.842     1.060    clk_IBUF
    BUFGCTRL_X0Y16       BUFG (Prop_bufg_I_O)         0.026     1.086 r  clk_IBUF_BUFG_inst/O
                         net (fo=14358, routed)       0.719     1.806    u_skid_fetch_decode/clk_IBUF_BUFG
    SLICE_X111Y100       FDRE                                         r  u_skid_fetch_decode/data_reg_reg[78]/C
  -------------------------------------------------------------------    -------------------
    SLICE_X111Y100       FDRE (Prop_fdre_C_Q)         0.128     1.934 r  u_skid_fetch_decode/data_reg_reg[78]/Q
                         net (fo=2, routed)           0.169     2.103    u_skid_decode_rename/Q[60]
    SLICE_X113Y98        FDRE                                         r  u_skid_decode_rename/data_skid_reg[pc][12]/D
  -------------------------------------------------------------------    -------------------

                         (clock sys_clk_pin rise edge)
                                                      0.000     0.000 r  
    H16                                               0.000     0.000 r  clk (IN)
                         net (fo=0)                   0.000     0.000    clk
    H16                  IBUF (Prop_ibuf_I_O)         0.406     0.406 r  clk_IBUF_inst/O
                         net (fo=1, routed)           0.907     1.313    clk_IBUF
    BUFGCTRL_X0Y16       BUFG (Prop_bufg_I_O)         0.029     1.342 r  clk_IBUF_BUFG_inst/O
                         net (fo=14358, routed)       0.909     2.251    u_skid_decode_rename/clk_IBUF_BUFG
    SLICE_X113Y98        FDRE                                         r  u_skid_decode_rename/data_skid_reg[pc][12]/C
                         clock pessimism             -0.261     1.990    
    SLICE_X113Y98        FDRE (Hold_fdre_C_D)         0.016     2.006    u_skid_decode_rename/data_skid_reg[pc][12]
  -------------------------------------------------------------------
                         required time                         -2.006    
                         arrival time                           2.103    
  -------------------------------------------------------------------
                         slack                                  0.096    

Slack (MET) :             0.102ns  (arrival time - required time)
  Source:                 u_dispatch/u_skid_rn_dispatch/data_reg_reg[pred_target][3]/C
                            (rising edge-triggered cell FDRE clocked by sys_clk_pin  {rise@0.000ns fall@10.000ns period=20.000ns})
  Destination:            u_dispatch/u_rs_br/slots_reg[5][pkt][pred_target][3]/D
                            (rising edge-triggered cell FDCE clocked by sys_clk_pin  {rise@0.000ns fall@10.000ns period=20.000ns})
  Path Group:             sys_clk_pin
  Path Type:              Hold (Min at Fast Process Corner)
  Requirement:            0.000ns  (sys_clk_pin rise@0.000ns - sys_clk_pin rise@0.000ns)
  Data Path Delay:        0.516ns  (logic 0.247ns (47.847%)  route 0.269ns (52.153%))
  Logic Levels:           1  (LUT6=1)
  Clock Path Skew:        0.351ns (DCD - SCD - CPR)
    Destination Clock Delay (DCD):    2.307ns
    Source Clock Delay      (SCD):    1.695ns
    Clock Pessimism Removal (CPR):    0.261ns

    Location             Delay type                Incr(ns)  Path(ns)    Netlist Resource(s)
  -------------------------------------------------------------------    -------------------
                         (clock sys_clk_pin rise edge)
                                                      0.000     0.000 r  
    H16                                               0.000     0.000 r  clk (IN)
                         net (fo=0)                   0.000     0.000    clk
    H16                  IBUF (Prop_ibuf_I_O)         0.219     0.219 r  clk_IBUF_inst/O
                         net (fo=1, routed)           0.842     1.060    clk_IBUF
    BUFGCTRL_X0Y16       BUFG (Prop_bufg_I_O)         0.026     1.086 r  clk_IBUF_BUFG_inst/O
                         net (fo=14358, routed)       0.609     1.695    u_dispatch/u_skid_rn_dispatch/clk_IBUF_BUFG
    SLICE_X100Y99        FDRE                                         r  u_dispatch/u_skid_rn_dispatch/data_reg_reg[pred_target][3]/C
  -------------------------------------------------------------------    -------------------
    SLICE_X100Y99        FDRE (Prop_fdre_C_Q)         0.148     1.843 r  u_dispatch/u_skid_rn_dispatch/data_reg_reg[pred_target][3]/Q
                         net (fo=1, routed)           0.084     1.927    u_dispatch/u_skid_rn_dispatch/pb_pkt[pred_target][3]
    SLICE_X100Y99        LUT6 (Prop_lut6_I2_O)        0.099     2.026 r  u_dispatch/u_skid_rn_dispatch/slots[0][pkt][pred_target][3]_i_1/O
                         net (fo=8, routed)           0.185     2.211    u_dispatch/u_rs_br/slots_reg[7][pkt][pred_target][31]_0[3]
    SLICE_X98Y101        FDCE                                         r  u_dispatch/u_rs_br/slots_reg[5][pkt][pred_target][3]/D
  -------------------------------------------------------------------    -------------------

                         (clock sys_clk_pin rise edge)
                                                      0.000     0.000 r  
    H16                                               0.000     0.000 r  clk (IN)
                         net (fo=0)                   0.000     0.000    clk
    H16                  IBUF (Prop_ibuf_I_O)         0.406     0.406 r  clk_IBUF_inst/O
                         net (fo=1, routed)           0.907     1.313    clk_IBUF
    BUFGCTRL_X0Y16       BUFG (Prop_bufg_I_O)         0.029     1.342 r  clk_IBUF_BUFG_inst/O
                         net (fo=14358, routed)       0.965     2.307    u_dispatch/u_rs_br/clk_IBUF_BUFG
    SLICE_X98Y101        FDCE                                         r  u_dispatch/u_rs_br/slots_reg[5][pkt][pred_target][3]/C
                         clock pessimism             -0.261     2.046    
    SLICE_X98Y101        FDCE (Hold_fdce_C_D)         0.063     2.109    u_dispatch/u_rs_br/slots_reg[5][pkt][pred_target][3]
  -------------------------------------------------------------------
                         required time                         -2.109    
                         arrival time                           2.211    
  -------------------------------------------------------------------
                         slack                                  0.102    

Slack (MET) :             0.117ns  (arrival time - required time)
  Source:                 u_skid_fetch_decode/data_reg_reg[81]/C
                            (rising edge-triggered cell FDRE clocked by sys_clk_pin  {rise@0.000ns fall@10.000ns period=20.000ns})
  Destination:            u_skid_decode_rename/data_skid_reg[pc][15]/D
                            (rising edge-triggered cell FDRE clocked by sys_clk_pin  {rise@0.000ns fall@10.000ns period=20.000ns})
  Path Group:             sys_clk_pin
  Path Type:              Hold (Min at Fast Process Corner)
  Requirement:            0.000ns  (sys_clk_pin rise@0.000ns - sys_clk_pin rise@0.000ns)
  Data Path Delay:        0.373ns  (logic 0.141ns (37.817%)  route 0.232ns (62.183%))
  Logic Levels:           0  
  Clock Path Skew:        0.185ns (DCD - SCD - CPR)
    Destination Clock Delay (DCD):    2.251ns
    Source Clock Delay      (SCD):    1.806ns
    Clock Pessimism Removal (CPR):    0.261ns

    Location             Delay type                Incr(ns)  Path(ns)    Netlist Resource(s)
  -------------------------------------------------------------------    -------------------
                         (clock sys_clk_pin rise edge)
                                                      0.000     0.000 r  
    H16                                               0.000     0.000 r  clk (IN)
                         net (fo=0)                   0.000     0.000    clk
    H16                  IBUF (Prop_ibuf_I_O)         0.219     0.219 r  clk_IBUF_inst/O
                         net (fo=1, routed)           0.842     1.060    clk_IBUF
    BUFGCTRL_X0Y16       BUFG (Prop_bufg_I_O)         0.026     1.086 r  clk_IBUF_BUFG_inst/O
                         net (fo=14358, routed)       0.719     1.806    u_skid_fetch_decode/clk_IBUF_BUFG
    SLICE_X111Y100       FDRE                                         r  u_skid_fetch_decode/data_reg_reg[81]/C
  -------------------------------------------------------------------    -------------------
    SLICE_X111Y100       FDRE (Prop_fdre_C_Q)         0.141     1.947 r  u_skid_fetch_decode/data_reg_reg[81]/Q
                         net (fo=2, routed)           0.232     2.178    u_skid_decode_rename/Q[63]
    SLICE_X113Y98        FDRE                                         r  u_skid_decode_rename/data_skid_reg[pc][15]/D
  -------------------------------------------------------------------    -------------------

                         (clock sys_clk_pin rise edge)
                                                      0.000     0.000 r  
    H16                                               0.000     0.000 r  clk (IN)
                         net (fo=0)                   0.000     0.000    clk
    H16                  IBUF (Prop_ibuf_I_O)         0.406     0.406 r  clk_IBUF_inst/O
                         net (fo=1, routed)           0.907     1.313    clk_IBUF
    BUFGCTRL_X0Y16       BUFG (Prop_bufg_I_O)         0.029     1.342 r  clk_IBUF_BUFG_inst/O
                         net (fo=14358, routed)       0.909     2.251    u_skid_decode_rename/clk_IBUF_BUFG
    SLICE_X113Y98        FDRE                                         r  u_skid_decode_rename/data_skid_reg[pc][15]/C
                         clock pessimism             -0.261     1.990    
    SLICE_X113Y98        FDRE (Hold_fdre_C_D)         0.071     2.061    u_skid_decode_rename/data_skid_reg[pc][15]
  -------------------------------------------------------------------
                         required time                         -2.061    
                         arrival time                           2.178    
  -------------------------------------------------------------------
                         slack                                  0.117    

Slack (MET) :             0.119ns  (arrival time - required time)
  Source:                 u_lsu/s1_rob_tag_reg[3]/C
                            (rising edge-triggered cell FDCE clocked by sys_clk_pin  {rise@0.000ns fall@10.000ns period=20.000ns})
  Destination:            u_lsu/s2_rob_tag_reg[3]/D
                            (rising edge-triggered cell FDCE clocked by sys_clk_pin  {rise@0.000ns fall@10.000ns period=20.000ns})
  Path Group:             sys_clk_pin
  Path Type:              Hold (Min at Fast Process Corner)
  Requirement:            0.000ns  (sys_clk_pin rise@0.000ns - sys_clk_pin rise@0.000ns)
  Data Path Delay:        0.197ns  (logic 0.141ns (71.611%)  route 0.056ns (28.389%))
  Logic Levels:           0  
  Clock Path Skew:        0.000ns (DCD - SCD - CPR)
    Destination Clock Delay (DCD):    2.206ns
    Source Clock Delay      (SCD):    1.682ns
    Clock Pessimism Removal (CPR):    0.524ns

    Location             Delay type                Incr(ns)  Path(ns)    Netlist Resource(s)
  -------------------------------------------------------------------    -------------------
                         (clock sys_clk_pin rise edge)
                                                      0.000     0.000 r  
    H16                                               0.000     0.000 r  clk (IN)
                         net (fo=0)                   0.000     0.000    clk
    H16                  IBUF (Prop_ibuf_I_O)         0.219     0.219 r  clk_IBUF_inst/O
                         net (fo=1, routed)           0.842     1.060    clk_IBUF
    BUFGCTRL_X0Y16       BUFG (Prop_bufg_I_O)         0.026     1.086 r  clk_IBUF_BUFG_inst/O
                         net (fo=14358, routed)       0.596     1.682    u_lsu/clk_IBUF_BUFG
    SLICE_X23Y47         FDCE                                         r  u_lsu/s1_rob_tag_reg[3]/C
  -------------------------------------------------------------------    -------------------
    SLICE_X23Y47         FDCE (Prop_fdce_C_Q)         0.141     1.823 r  u_lsu/s1_rob_tag_reg[3]/Q
                         net (fo=1, routed)           0.056     1.879    u_lsu/s1_rob_tag[3]
    SLICE_X23Y47         FDCE                                         r  u_lsu/s2_rob_tag_reg[3]/D
  -------------------------------------------------------------------    -------------------

                         (clock sys_clk_pin rise edge)
                                                      0.000     0.000 r  
    H16                                               0.000     0.000 r  clk (IN)
                         net (fo=0)                   0.000     0.000    clk
    H16                  IBUF (Prop_ibuf_I_O)         0.406     0.406 r  clk_IBUF_inst/O
                         net (fo=1, routed)           0.907     1.313    clk_IBUF
    BUFGCTRL_X0Y16       BUFG (Prop_bufg_I_O)         0.029     1.342 r  clk_IBUF_BUFG_inst/O
                         net (fo=14358, routed)       0.864     2.206    u_lsu/clk_IBUF_BUFG
    SLICE_X23Y47         FDCE                                         r  u_lsu/s2_rob_tag_reg[3]/C
                         clock pessimism             -0.524     1.682    
    SLICE_X23Y47         FDCE (Hold_fdce_C_D)         0.078     1.760    u_lsu/s2_rob_tag_reg[3]
  -------------------------------------------------------------------
                         required time                         -1.760    
                         arrival time                           1.879    
  -------------------------------------------------------------------
                         slack                                  0.119    

Slack (MET) :             0.121ns  (arrival time - required time)
  Source:                 u_lsu/s1_rob_tag_reg[2]/C
                            (rising edge-triggered cell FDCE clocked by sys_clk_pin  {rise@0.000ns fall@10.000ns period=20.000ns})
  Destination:            u_lsu/s2_rob_tag_reg[2]/D
                            (rising edge-triggered cell FDCE clocked by sys_clk_pin  {rise@0.000ns fall@10.000ns period=20.000ns})
  Path Group:             sys_clk_pin
  Path Type:              Hold (Min at Fast Process Corner)
  Requirement:            0.000ns  (sys_clk_pin rise@0.000ns - sys_clk_pin rise@0.000ns)
  Data Path Delay:        0.197ns  (logic 0.141ns (71.611%)  route 0.056ns (28.389%))
  Logic Levels:           0  
  Clock Path Skew:        0.000ns (DCD - SCD - CPR)
    Destination Clock Delay (DCD):    2.206ns
    Source Clock Delay      (SCD):    1.682ns
    Clock Pessimism Removal (CPR):    0.524ns

    Location             Delay type                Incr(ns)  Path(ns)    Netlist Resource(s)
  -------------------------------------------------------------------    -------------------
                         (clock sys_clk_pin rise edge)
                                                      0.000     0.000 r  
    H16                                               0.000     0.000 r  clk (IN)
                         net (fo=0)                   0.000     0.000    clk
    H16                  IBUF (Prop_ibuf_I_O)         0.219     0.219 r  clk_IBUF_inst/O
                         net (fo=1, routed)           0.842     1.060    clk_IBUF
    BUFGCTRL_X0Y16       BUFG (Prop_bufg_I_O)         0.026     1.086 r  clk_IBUF_BUFG_inst/O
                         net (fo=14358, routed)       0.596     1.682    u_lsu/clk_IBUF_BUFG
    SLICE_X23Y47         FDCE                                         r  u_lsu/s1_rob_tag_reg[2]/C
  -------------------------------------------------------------------    -------------------
    SLICE_X23Y47         FDCE (Prop_fdce_C_Q)         0.141     1.823 r  u_lsu/s1_rob_tag_reg[2]/Q
                         net (fo=1, routed)           0.056     1.879    u_lsu/s1_rob_tag[2]
    SLICE_X23Y47         FDCE                                         r  u_lsu/s2_rob_tag_reg[2]/D
  -------------------------------------------------------------------    -------------------

                         (clock sys_clk_pin rise edge)
                                                      0.000     0.000 r  
    H16                                               0.000     0.000 r  clk (IN)
                         net (fo=0)                   0.000     0.000    clk
    H16                  IBUF (Prop_ibuf_I_O)         0.406     0.406 r  clk_IBUF_inst/O
                         net (fo=1, routed)           0.907     1.313    clk_IBUF
    BUFGCTRL_X0Y16       BUFG (Prop_bufg_I_O)         0.029     1.342 r  clk_IBUF_BUFG_inst/O
                         net (fo=14358, routed)       0.864     2.206    u_lsu/clk_IBUF_BUFG
    SLICE_X23Y47         FDCE                                         r  u_lsu/s2_rob_tag_reg[2]/C
                         clock pessimism             -0.524     1.682    
    SLICE_X23Y47         FDCE (Hold_fdce_C_D)         0.076     1.758    u_lsu/s2_rob_tag_reg[2]
  -------------------------------------------------------------------
                         required time                         -1.758    
                         arrival time                           1.879    
  -------------------------------------------------------------------
                         slack                                  0.121    

Slack (MET) :             0.122ns  (arrival time - required time)
  Source:                 u_lsu/s1_dst_prf_reg[5]/C
                            (rising edge-triggered cell FDCE clocked by sys_clk_pin  {rise@0.000ns fall@10.000ns period=20.000ns})
  Destination:            u_lsu/s2_dst_prf_reg[5]/D
                            (rising edge-triggered cell FDCE clocked by sys_clk_pin  {rise@0.000ns fall@10.000ns period=20.000ns})
  Path Group:             sys_clk_pin
  Path Type:              Hold (Min at Fast Process Corner)
  Requirement:            0.000ns  (sys_clk_pin rise@0.000ns - sys_clk_pin rise@0.000ns)
  Data Path Delay:        0.197ns  (logic 0.141ns (71.611%)  route 0.056ns (28.389%))
  Logic Levels:           0  
  Clock Path Skew:        0.000ns (DCD - SCD - CPR)
    Destination Clock Delay (DCD):    2.176ns
    Source Clock Delay      (SCD):    1.654ns
    Clock Pessimism Removal (CPR):    0.522ns

    Location             Delay type                Incr(ns)  Path(ns)    Netlist Resource(s)
  -------------------------------------------------------------------    -------------------
                         (clock sys_clk_pin rise edge)
                                                      0.000     0.000 r  
    H16                                               0.000     0.000 r  clk (IN)
                         net (fo=0)                   0.000     0.000    clk
    H16                  IBUF (Prop_ibuf_I_O)         0.219     0.219 r  clk_IBUF_inst/O
                         net (fo=1, routed)           0.842     1.060    clk_IBUF
    BUFGCTRL_X0Y16       BUFG (Prop_bufg_I_O)         0.026     1.086 r  clk_IBUF_BUFG_inst/O
                         net (fo=14358, routed)       0.568     1.654    u_lsu/clk_IBUF_BUFG
    SLICE_X29Y80         FDCE                                         r  u_lsu/s1_dst_prf_reg[5]/C
  -------------------------------------------------------------------    -------------------
    SLICE_X29Y80         FDCE (Prop_fdce_C_Q)         0.141     1.795 r  u_lsu/s1_dst_prf_reg[5]/Q
                         net (fo=1, routed)           0.056     1.851    u_lsu/s1_dst_prf[5]
    SLICE_X29Y80         FDCE                                         r  u_lsu/s2_dst_prf_reg[5]/D
  -------------------------------------------------------------------    -------------------

                         (clock sys_clk_pin rise edge)
                                                      0.000     0.000 r  
    H16                                               0.000     0.000 r  clk (IN)
                         net (fo=0)                   0.000     0.000    clk
    H16                  IBUF (Prop_ibuf_I_O)         0.406     0.406 r  clk_IBUF_inst/O
                         net (fo=1, routed)           0.907     1.313    clk_IBUF
    BUFGCTRL_X0Y16       BUFG (Prop_bufg_I_O)         0.029     1.342 r  clk_IBUF_BUFG_inst/O
                         net (fo=14358, routed)       0.834     2.176    u_lsu/clk_IBUF_BUFG
    SLICE_X29Y80         FDCE                                         r  u_lsu/s2_dst_prf_reg[5]/C
                         clock pessimism             -0.522     1.654    
    SLICE_X29Y80         FDCE (Hold_fdce_C_D)         0.075     1.729    u_lsu/s2_dst_prf_reg[5]
  -------------------------------------------------------------------
                         required time                         -1.729    
                         arrival time                           1.851    
  -------------------------------------------------------------------
                         slack                                  0.122    

Slack (MET) :             0.122ns  (arrival time - required time)
  Source:                 u_lsu/s1_rob_tag_reg[0]/C
                            (rising edge-triggered cell FDCE clocked by sys_clk_pin  {rise@0.000ns fall@10.000ns period=20.000ns})
  Destination:            u_lsu/s2_rob_tag_reg[0]/D
                            (rising edge-triggered cell FDCE clocked by sys_clk_pin  {rise@0.000ns fall@10.000ns period=20.000ns})
  Path Group:             sys_clk_pin
  Path Type:              Hold (Min at Fast Process Corner)
  Requirement:            0.000ns  (sys_clk_pin rise@0.000ns - sys_clk_pin rise@0.000ns)
  Data Path Delay:        0.197ns  (logic 0.141ns (71.611%)  route 0.056ns (28.389%))
  Logic Levels:           0  
  Clock Path Skew:        0.000ns (DCD - SCD - CPR)
    Destination Clock Delay (DCD):    2.206ns
    Source Clock Delay      (SCD):    1.682ns
    Clock Pessimism Removal (CPR):    0.524ns

    Location             Delay type                Incr(ns)  Path(ns)    Netlist Resource(s)
  -------------------------------------------------------------------    -------------------
                         (clock sys_clk_pin rise edge)
                                                      0.000     0.000 r  
    H16                                               0.000     0.000 r  clk (IN)
                         net (fo=0)                   0.000     0.000    clk
    H16                  IBUF (Prop_ibuf_I_O)         0.219     0.219 r  clk_IBUF_inst/O
                         net (fo=1, routed)           0.842     1.060    clk_IBUF
    BUFGCTRL_X0Y16       BUFG (Prop_bufg_I_O)         0.026     1.086 r  clk_IBUF_BUFG_inst/O
                         net (fo=14358, routed)       0.596     1.682    u_lsu/clk_IBUF_BUFG
    SLICE_X23Y47         FDCE                                         r  u_lsu/s1_rob_tag_reg[0]/C
  -------------------------------------------------------------------    -------------------
    SLICE_X23Y47         FDCE (Prop_fdce_C_Q)         0.141     1.823 r  u_lsu/s1_rob_tag_reg[0]/Q
                         net (fo=1, routed)           0.056     1.879    u_lsu/s1_rob_tag[0]
    SLICE_X23Y47         FDCE                                         r  u_lsu/s2_rob_tag_reg[0]/D
  -------------------------------------------------------------------    -------------------

                         (clock sys_clk_pin rise edge)
                                                      0.000     0.000 r  
    H16                                               0.000     0.000 r  clk (IN)
                         net (fo=0)                   0.000     0.000    clk
    H16                  IBUF (Prop_ibuf_I_O)         0.406     0.406 r  clk_IBUF_inst/O
                         net (fo=1, routed)           0.907     1.313    clk_IBUF
    BUFGCTRL_X0Y16       BUFG (Prop_bufg_I_O)         0.029     1.342 r  clk_IBUF_BUFG_inst/O
                         net (fo=14358, routed)       0.864     2.206    u_lsu/clk_IBUF_BUFG
    SLICE_X23Y47         FDCE                                         r  u_lsu/s2_rob_tag_reg[0]/C
                         clock pessimism             -0.524     1.682    
    SLICE_X23Y47         FDCE (Hold_fdce_C_D)         0.075     1.757    u_lsu/s2_rob_tag_reg[0]
  -------------------------------------------------------------------
                         required time                         -1.757    
                         arrival time                           1.879    
  -------------------------------------------------------------------
                         slack                                  0.122    

Slack (MET) :             0.123ns  (arrival time - required time)
  Source:                 u_dmem/rd_addr_d0_reg[8]/C
                            (rising edge-triggered cell FDRE clocked by sys_clk_pin  {rise@0.000ns fall@10.000ns period=20.000ns})
  Destination:            u_dmem/mem_reg_2_0_1/ADDRBWRADDR[8]
                            (rising edge-triggered cell RAMB36E1 clocked by sys_clk_pin  {rise@0.000ns fall@10.000ns period=20.000ns})
  Path Group:             sys_clk_pin
  Path Type:              Hold (Min at Fast Process Corner)
  Requirement:            0.000ns  (sys_clk_pin rise@0.000ns - sys_clk_pin rise@0.000ns)
  Data Path Delay:        0.382ns  (logic 0.141ns (36.873%)  route 0.241ns (63.127%))
  Logic Levels:           0  
  Clock Path Skew:        0.076ns (DCD - SCD - CPR)
    Destination Clock Delay (DCD):    2.213ns
    Source Clock Delay      (SCD):    1.647ns
    Clock Pessimism Removal (CPR):    0.489ns

    Location             Delay type                Incr(ns)  Path(ns)    Netlist Resource(s)
  -------------------------------------------------------------------    -------------------
                         (clock sys_clk_pin rise edge)
                                                      0.000     0.000 r  
    H16                                               0.000     0.000 r  clk (IN)
                         net (fo=0)                   0.000     0.000    clk
    H16                  IBUF (Prop_ibuf_I_O)         0.219     0.219 r  clk_IBUF_inst/O
                         net (fo=1, routed)           0.842     1.060    clk_IBUF
    BUFGCTRL_X0Y16       BUFG (Prop_bufg_I_O)         0.026     1.086 r  clk_IBUF_BUFG_inst/O
                         net (fo=14358, routed)       0.561     1.647    u_dmem/clk_IBUF_BUFG
    SLICE_X35Y12         FDRE                                         r  u_dmem/rd_addr_d0_reg[8]/C
  -------------------------------------------------------------------    -------------------
    SLICE_X35Y12         FDRE (Prop_fdre_C_Q)         0.141     1.788 r  u_dmem/rd_addr_d0_reg[8]/Q
                         net (fo=24, routed)          0.241     2.029    u_dmem/rd_addr_d0[8]
    RAMB36_X2Y2          RAMB36E1                                     r  u_dmem/mem_reg_2_0_1/ADDRBWRADDR[8]
  -------------------------------------------------------------------    -------------------

                         (clock sys_clk_pin rise edge)
                                                      0.000     0.000 r  
    H16                                               0.000     0.000 r  clk (IN)
                         net (fo=0)                   0.000     0.000    clk
    H16                  IBUF (Prop_ibuf_I_O)         0.406     0.406 r  clk_IBUF_inst/O
                         net (fo=1, routed)           0.907     1.313    clk_IBUF
    BUFGCTRL_X0Y16       BUFG (Prop_bufg_I_O)         0.029     1.342 r  clk_IBUF_BUFG_inst/O
                         net (fo=14358, routed)       0.870     2.213    u_dmem/clk_IBUF_BUFG
    RAMB36_X2Y2          RAMB36E1                                     r  u_dmem/mem_reg_2_0_1/CLKBWRCLK
                         clock pessimism             -0.489     1.724    
    RAMB36_X2Y2          RAMB36E1 (Hold_ramb36e1_CLKBWRCLK_ADDRBWRADDR[8])
                                                      0.183     1.907    u_dmem/mem_reg_2_0_1
  -------------------------------------------------------------------
                         required time                         -1.907    
                         arrival time                           2.029    
  -------------------------------------------------------------------
                         slack                                  0.123    





Pulse Width Checks
--------------------------------------------------------------------------------------
Clock Name:         sys_clk_pin
Waveform(ns):       { 0.000 10.000 }
Period(ns):         20.000
Sources:            { clk }

Check Type        Corner  Lib Pin             Reference Pin  Required(ns)  Actual(ns)  Slack(ns)  Location       Pin
Min Period        n/a     RAMB36E1/CLKARDCLK  n/a            2.944         20.000      17.056     RAMB36_X1Y2    u_dmem/mem_reg_0_0_0/CLKARDCLK
Min Period        n/a     RAMB36E1/CLKARDCLK  n/a            2.944         20.000      17.056     RAMB36_X1Y1    u_dmem/mem_reg_0_0_1/CLKARDCLK
Min Period        n/a     RAMB36E1/CLKARDCLK  n/a            2.944         20.000      17.056     RAMB36_X0Y1    u_dmem/mem_reg_0_0_2/CLKARDCLK
Min Period        n/a     RAMB36E1/CLKARDCLK  n/a            2.944         20.000      17.056     RAMB36_X0Y2    u_dmem/mem_reg_0_0_3/CLKARDCLK
Min Period        n/a     RAMB36E1/CLKARDCLK  n/a            2.944         20.000      17.056     RAMB36_X3Y3    u_dmem/mem_reg_0_0_4/CLKARDCLK
Min Period        n/a     RAMB36E1/CLKARDCLK  n/a            2.944         20.000      17.056     RAMB36_X2Y7    u_dmem/mem_reg_0_0_5/CLKARDCLK
Min Period        n/a     RAMB36E1/CLKARDCLK  n/a            2.944         20.000      17.056     RAMB36_X2Y5    u_dmem/mem_reg_0_0_6/CLKARDCLK
Min Period        n/a     RAMB36E1/CLKARDCLK  n/a            2.944         20.000      17.056     RAMB36_X0Y5    u_dmem/mem_reg_0_0_7/CLKARDCLK
Min Period        n/a     RAMB36E1/CLKARDCLK  n/a            2.944         20.000      17.056     RAMB36_X3Y1    u_dmem/mem_reg_1_0_0/CLKARDCLK
Min Period        n/a     RAMB36E1/CLKARDCLK  n/a            2.944         20.000      17.056     RAMB36_X1Y3    u_dmem/mem_reg_1_0_1/CLKARDCLK
Low Pulse Width   Slow    FDCE/C              n/a            0.500         10.000      9.500      SLICE_X98Y82   u_alu/wb_data_o_reg[0]/C
Low Pulse Width   Fast    FDCE/C              n/a            0.500         10.000      9.500      SLICE_X98Y82   u_alu/wb_data_o_reg[0]/C
Low Pulse Width   Slow    FDCE/C              n/a            0.500         10.000      9.500      SLICE_X95Y80   u_alu/wb_data_o_reg[10]/C
Low Pulse Width   Fast    FDCE/C              n/a            0.500         10.000      9.500      SLICE_X95Y80   u_alu/wb_data_o_reg[10]/C
Low Pulse Width   Slow    FDCE/C              n/a            0.500         10.000      9.500      SLICE_X99Y80   u_alu/wb_data_o_reg[11]/C
Low Pulse Width   Fast    FDCE/C              n/a            0.500         10.000      9.500      SLICE_X99Y80   u_alu/wb_data_o_reg[11]/C
Low Pulse Width   Slow    FDCE/C              n/a            0.500         10.000      9.500      SLICE_X100Y79  u_alu/wb_data_o_reg[12]/C
Low Pulse Width   Fast    FDCE/C              n/a            0.500         10.000      9.500      SLICE_X100Y79  u_alu/wb_data_o_reg[12]/C
Low Pulse Width   Slow    FDCE/C              n/a            0.500         10.000      9.500      SLICE_X100Y82  u_alu/wb_data_o_reg[13]/C
Low Pulse Width   Fast    FDCE/C              n/a            0.500         10.000      9.500      SLICE_X100Y82  u_alu/wb_data_o_reg[13]/C
High Pulse Width  Slow    FDCE/C              n/a            0.500         10.000      9.500      SLICE_X98Y82   u_alu/wb_data_o_reg[0]/C
High Pulse Width  Fast    FDCE/C              n/a            0.500         10.000      9.500      SLICE_X98Y82   u_alu/wb_data_o_reg[0]/C
High Pulse Width  Slow    FDCE/C              n/a            0.500         10.000      9.500      SLICE_X95Y80   u_alu/wb_data_o_reg[10]/C
High Pulse Width  Fast    FDCE/C              n/a            0.500         10.000      9.500      SLICE_X95Y80   u_alu/wb_data_o_reg[10]/C
High Pulse Width  Slow    FDCE/C              n/a            0.500         10.000      9.500      SLICE_X99Y80   u_alu/wb_data_o_reg[11]/C
High Pulse Width  Fast    FDCE/C              n/a            0.500         10.000      9.500      SLICE_X99Y80   u_alu/wb_data_o_reg[11]/C
High Pulse Width  Slow    FDCE/C              n/a            0.500         10.000      9.500      SLICE_X100Y79  u_alu/wb_data_o_reg[12]/C
High Pulse Width  Fast    FDCE/C              n/a            0.500         10.000      9.500      SLICE_X100Y79  u_alu/wb_data_o_reg[12]/C
High Pulse Width  Slow    FDCE/C              n/a            0.500         10.000      9.500      SLICE_X100Y82  u_alu/wb_data_o_reg[13]/C
High Pulse Width  Fast    FDCE/C              n/a            0.500         10.000      9.500      SLICE_X100Y82  u_alu/wb_data_o_reg[13]/C



--------------------------------------------------------------------------------------
Path Group:  (none)
From Clock:  sys_clk_pin
  To Clock:  

Max Delay            33 Endpoints
Min Delay            33 Endpoints
--------------------------------------------------------------------------------------


Max Delay Paths
--------------------------------------------------------------------------------------
Slack:                    inf
  Source:                 u_branch/br_mispredict_o_reg/C
                            (rising edge-triggered cell FDCE clocked by sys_clk_pin  {rise@0.000ns fall@10.000ns period=20.000ns})
  Destination:            commit_valid_o
                            (output port)
  Path Group:             (none)
  Path Type:              Max at Slow Process Corner
  Data Path Delay:        12.851ns  (logic 4.110ns (31.981%)  route 8.741ns (68.019%))
  Logic Levels:           2  (LUT5=1 OBUF=1)
  Clock Uncertainty:      0.025ns  ((TSJ^2 + TIJ^2)^1/2 + DJ) / 2 + PE
    Total System Jitter     (TSJ):    0.050ns
    Total Input Jitter      (TIJ):    0.000ns
    Discrete Jitter          (DJ):    0.000ns
    Phase Error              (PE):    0.000ns
  Timing Exception:       False Path

    Location             Delay type                Incr(ns)  Path(ns)    Netlist Resource(s)
  -------------------------------------------------------------------    -------------------
                         (clock sys_clk_pin rise edge)
                                                      0.000     0.000 r  
    H16                                               0.000     0.000 r  clk (IN)
                         net (fo=0)                   0.000     0.000    clk
    H16                  IBUF (Prop_ibuf_I_O)         1.451     1.451 r  clk_IBUF_inst/O
                         net (fo=1, routed)           2.522     3.973    clk_IBUF
    BUFGCTRL_X0Y16       BUFG (Prop_bufg_I_O)         0.101     4.074 r  clk_IBUF_BUFG_inst/O
                         net (fo=14358, routed)       1.708     5.782    u_branch/clk_IBUF_BUFG
    SLICE_X80Y79         FDCE                                         r  u_branch/br_mispredict_o_reg/C
  -------------------------------------------------------------------    -------------------
    SLICE_X80Y79         FDCE (Prop_fdce_C_Q)         0.456     6.238 f  u_branch/br_mispredict_o_reg/Q
                         net (fo=1161, routed)        4.295    10.533    u_dispatch/u_rob/br_mispredict_o
    SLICE_X31Y114        LUT5 (Prop_lut5_I4_O)        0.124    10.657 r  u_dispatch/u_rob/commit_valid_o_OBUF_inst_i_1/O
                         net (fo=24, routed)          4.446    15.103    commit_valid_o_OBUF
    R14                  OBUF (Prop_obuf_I_O)         3.530    18.633 r  commit_valid_o_OBUF_inst/O
                         net (fo=0)                   0.000    18.633    commit_valid_o
    R14                                                               r  commit_valid_o (OUT)
  -------------------------------------------------------------------    -------------------

Slack:                    inf
  Source:                 u_fetch/pc_counter_inst/pc_current_reg[12]/C
                            (rising edge-triggered cell FDRE clocked by sys_clk_pin  {rise@0.000ns fall@10.000ns period=20.000ns})
  Destination:            pc_out[12]
                            (output port)
  Path Group:             (none)
  Path Type:              Max at Slow Process Corner
  Data Path Delay:        7.930ns  (logic 4.014ns (50.620%)  route 3.916ns (49.380%))
  Logic Levels:           1  (OBUF=1)
  Clock Uncertainty:      0.025ns  ((TSJ^2 + TIJ^2)^1/2 + DJ) / 2 + PE
    Total System Jitter     (TSJ):    0.050ns
    Total Input Jitter      (TIJ):    0.000ns
    Discrete Jitter          (DJ):    0.000ns
    Phase Error              (PE):    0.000ns
  Timing Exception:       False Path

    Location             Delay type                Incr(ns)  Path(ns)    Netlist Resource(s)
  -------------------------------------------------------------------    -------------------
                         (clock sys_clk_pin rise edge)
                                                      0.000     0.000 r  
    H16                                               0.000     0.000 r  clk (IN)
                         net (fo=0)                   0.000     0.000    clk
    H16                  IBUF (Prop_ibuf_I_O)         1.451     1.451 r  clk_IBUF_inst/O
                         net (fo=1, routed)           2.522     3.973    clk_IBUF
    BUFGCTRL_X0Y16       BUFG (Prop_bufg_I_O)         0.101     4.074 r  clk_IBUF_BUFG_inst/O
                         net (fo=14358, routed)       1.785     5.859    u_fetch/pc_counter_inst/clk_IBUF_BUFG
    SLICE_X103Y95        FDRE                                         r  u_fetch/pc_counter_inst/pc_current_reg[12]/C
  -------------------------------------------------------------------    -------------------
    SLICE_X103Y95        FDRE (Prop_fdre_C_Q)         0.456     6.315 r  u_fetch/pc_counter_inst/pc_current_reg[12]/Q
                         net (fo=12, routed)          3.916    10.230    pc_out_OBUF[12]
    V18                  OBUF (Prop_obuf_I_O)         3.558    13.788 r  pc_out_OBUF[12]_inst/O
                         net (fo=0)                   0.000    13.788    pc_out[12]
    V18                                                               r  pc_out[12] (OUT)
  -------------------------------------------------------------------    -------------------

Slack:                    inf
  Source:                 u_fetch/pc_counter_inst/pc_current_reg[17]/C
                            (rising edge-triggered cell FDRE clocked by sys_clk_pin  {rise@0.000ns fall@10.000ns period=20.000ns})
  Destination:            pc_out[17]
                            (output port)
  Path Group:             (none)
  Path Type:              Max at Slow Process Corner
  Data Path Delay:        7.671ns  (logic 4.035ns (52.609%)  route 3.635ns (47.391%))
  Logic Levels:           1  (OBUF=1)
  Clock Uncertainty:      0.025ns  ((TSJ^2 + TIJ^2)^1/2 + DJ) / 2 + PE
    Total System Jitter     (TSJ):    0.050ns
    Total Input Jitter      (TIJ):    0.000ns
    Discrete Jitter          (DJ):    0.000ns
    Phase Error              (PE):    0.000ns
  Timing Exception:       False Path

    Location             Delay type                Incr(ns)  Path(ns)    Netlist Resource(s)
  -------------------------------------------------------------------    -------------------
                         (clock sys_clk_pin rise edge)
                                                      0.000     0.000 r  
    H16                                               0.000     0.000 r  clk (IN)
                         net (fo=0)                   0.000     0.000    clk
    H16                  IBUF (Prop_ibuf_I_O)         1.451     1.451 r  clk_IBUF_inst/O
                         net (fo=1, routed)           2.522     3.973    clk_IBUF
    BUFGCTRL_X0Y16       BUFG (Prop_bufg_I_O)         0.101     4.074 r  clk_IBUF_BUFG_inst/O
                         net (fo=14358, routed)       1.786     5.860    u_fetch/pc_counter_inst/clk_IBUF_BUFG
    SLICE_X103Y98        FDRE                                         r  u_fetch/pc_counter_inst/pc_current_reg[17]/C
  -------------------------------------------------------------------    -------------------
    SLICE_X103Y98        FDRE (Prop_fdre_C_Q)         0.456     6.316 r  u_fetch/pc_counter_inst/pc_current_reg[17]/Q
                         net (fo=12, routed)          3.635     9.951    pc_out_OBUF[17]
    Y18                  OBUF (Prop_obuf_I_O)         3.579    13.530 r  pc_out_OBUF[17]_inst/O
                         net (fo=0)                   0.000    13.530    pc_out[17]
    Y18                                                               r  pc_out[17] (OUT)
  -------------------------------------------------------------------    -------------------

Slack:                    inf
  Source:                 u_fetch/pc_counter_inst/pc_current_reg[30]/C
                            (rising edge-triggered cell FDRE clocked by sys_clk_pin  {rise@0.000ns fall@10.000ns period=20.000ns})
  Destination:            pc_out[30]
                            (output port)
  Path Group:             (none)
  Path Type:              Max at Slow Process Corner
  Data Path Delay:        7.456ns  (logic 4.072ns (54.604%)  route 3.385ns (45.396%))
  Logic Levels:           1  (OBUF=1)
  Clock Uncertainty:      0.025ns  ((TSJ^2 + TIJ^2)^1/2 + DJ) / 2 + PE
    Total System Jitter     (TSJ):    0.050ns
    Total Input Jitter      (TIJ):    0.000ns
    Discrete Jitter          (DJ):    0.000ns
    Phase Error              (PE):    0.000ns
  Timing Exception:       False Path

    Location             Delay type                Incr(ns)  Path(ns)    Netlist Resource(s)
  -------------------------------------------------------------------    -------------------
                         (clock sys_clk_pin rise edge)
                                                      0.000     0.000 r  
    H16                                               0.000     0.000 r  clk (IN)
                         net (fo=0)                   0.000     0.000    clk
    H16                  IBUF (Prop_ibuf_I_O)         1.451     1.451 r  clk_IBUF_inst/O
                         net (fo=1, routed)           2.522     3.973    clk_IBUF
    BUFGCTRL_X0Y16       BUFG (Prop_bufg_I_O)         0.101     4.074 r  clk_IBUF_BUFG_inst/O
                         net (fo=14358, routed)       1.978     6.052    u_fetch/pc_counter_inst/clk_IBUF_BUFG
    SLICE_X102Y102       FDRE                                         r  u_fetch/pc_counter_inst/pc_current_reg[30]/C
  -------------------------------------------------------------------    -------------------
    SLICE_X102Y102       FDRE (Prop_fdre_C_Q)         0.518     6.570 r  u_fetch/pc_counter_inst/pc_current_reg[30]/Q
                         net (fo=12, routed)          3.385     9.955    pc_out_OBUF[30]
    W16                  OBUF (Prop_obuf_I_O)         3.554    13.508 r  pc_out_OBUF[30]_inst/O
                         net (fo=0)                   0.000    13.508    pc_out[30]
    W16                                                               r  pc_out[30] (OUT)
  -------------------------------------------------------------------    -------------------

Slack:                    inf
  Source:                 u_fetch/pc_counter_inst/pc_current_reg[24]/C
                            (rising edge-triggered cell FDRE clocked by sys_clk_pin  {rise@0.000ns fall@10.000ns period=20.000ns})
  Destination:            pc_out[24]
                            (output port)
  Path Group:             (none)
  Path Type:              Max at Slow Process Corner
  Data Path Delay:        7.614ns  (logic 3.998ns (52.505%)  route 3.616ns (47.495%))
  Logic Levels:           1  (OBUF=1)
  Clock Uncertainty:      0.025ns  ((TSJ^2 + TIJ^2)^1/2 + DJ) / 2 + PE
    Total System Jitter     (TSJ):    0.050ns
    Total Input Jitter      (TIJ):    0.000ns
    Discrete Jitter          (DJ):    0.000ns
    Phase Error              (PE):    0.000ns
  Timing Exception:       False Path

    Location             Delay type                Incr(ns)  Path(ns)    Netlist Resource(s)
  -------------------------------------------------------------------    -------------------
                         (clock sys_clk_pin rise edge)
                                                      0.000     0.000 r  
    H16                                               0.000     0.000 r  clk (IN)
                         net (fo=0)                   0.000     0.000    clk
    H16                  IBUF (Prop_ibuf_I_O)         1.451     1.451 r  clk_IBUF_inst/O
                         net (fo=1, routed)           2.522     3.973    clk_IBUF
    BUFGCTRL_X0Y16       BUFG (Prop_bufg_I_O)         0.101     4.074 r  clk_IBUF_BUFG_inst/O
                         net (fo=14358, routed)       1.786     5.860    u_fetch/pc_counter_inst/clk_IBUF_BUFG
    SLICE_X103Y99        FDRE                                         r  u_fetch/pc_counter_inst/pc_current_reg[24]/C
  -------------------------------------------------------------------    -------------------
    SLICE_X103Y99        FDRE (Prop_fdre_C_Q)         0.456     6.316 r  u_fetch/pc_counter_inst/pc_current_reg[24]/Q
                         net (fo=12, routed)          3.616     9.932    pc_out_OBUF[24]
    W19                  OBUF (Prop_obuf_I_O)         3.542    13.473 r  pc_out_OBUF[24]_inst/O
                         net (fo=0)                   0.000    13.473    pc_out[24]
    W19                                                               r  pc_out[24] (OUT)
  -------------------------------------------------------------------    -------------------

Slack:                    inf
  Source:                 u_fetch/pc_counter_inst/pc_current_reg[29]/C
                            (rising edge-triggered cell FDRE clocked by sys_clk_pin  {rise@0.000ns fall@10.000ns period=20.000ns})
  Destination:            pc_out[29]
                            (output port)
  Path Group:             (none)
  Path Type:              Max at Slow Process Corner
  Data Path Delay:        7.388ns  (logic 4.009ns (54.266%)  route 3.379ns (45.734%))
  Logic Levels:           1  (OBUF=1)
  Clock Uncertainty:      0.025ns  ((TSJ^2 + TIJ^2)^1/2 + DJ) / 2 + PE
    Total System Jitter     (TSJ):    0.050ns
    Total Input Jitter      (TIJ):    0.000ns
    Discrete Jitter          (DJ):    0.000ns
    Phase Error              (PE):    0.000ns
  Timing Exception:       False Path

    Location             Delay type                Incr(ns)  Path(ns)    Netlist Resource(s)
  -------------------------------------------------------------------    -------------------
                         (clock sys_clk_pin rise edge)
                                                      0.000     0.000 r  
    H16                                               0.000     0.000 r  clk (IN)
                         net (fo=0)                   0.000     0.000    clk
    H16                  IBUF (Prop_ibuf_I_O)         1.451     1.451 r  clk_IBUF_inst/O
                         net (fo=1, routed)           2.522     3.973    clk_IBUF
    BUFGCTRL_X0Y16       BUFG (Prop_bufg_I_O)         0.101     4.074 r  clk_IBUF_BUFG_inst/O
                         net (fo=14358, routed)       1.978     6.052    u_fetch/pc_counter_inst/clk_IBUF_BUFG
    SLICE_X103Y102       FDRE                                         r  u_fetch/pc_counter_inst/pc_current_reg[29]/C
  -------------------------------------------------------------------    -------------------
    SLICE_X103Y102       FDRE (Prop_fdre_C_Q)         0.456     6.508 r  u_fetch/pc_counter_inst/pc_current_reg[29]/Q
                         net (fo=12, routed)          3.379     9.886    pc_out_OBUF[29]
    V16                  OBUF (Prop_obuf_I_O)         3.553    13.439 r  pc_out_OBUF[29]_inst/O
                         net (fo=0)                   0.000    13.439    pc_out[29]
    V16                                                               r  pc_out[29] (OUT)
  -------------------------------------------------------------------    -------------------

Slack:                    inf
  Source:                 u_fetch/pc_counter_inst/pc_current_reg[23]/C
                            (rising edge-triggered cell FDRE clocked by sys_clk_pin  {rise@0.000ns fall@10.000ns period=20.000ns})
  Destination:            pc_out[23]
                            (output port)
  Path Group:             (none)
  Path Type:              Max at Slow Process Corner
  Data Path Delay:        7.564ns  (logic 4.001ns (52.896%)  route 3.563ns (47.104%))
  Logic Levels:           1  (OBUF=1)
  Clock Uncertainty:      0.025ns  ((TSJ^2 + TIJ^2)^1/2 + DJ) / 2 + PE
    Total System Jitter     (TSJ):    0.050ns
    Total Input Jitter      (TIJ):    0.000ns
    Discrete Jitter          (DJ):    0.000ns
    Phase Error              (PE):    0.000ns
  Timing Exception:       False Path

    Location             Delay type                Incr(ns)  Path(ns)    Netlist Resource(s)
  -------------------------------------------------------------------    -------------------
                         (clock sys_clk_pin rise edge)
                                                      0.000     0.000 r  
    H16                                               0.000     0.000 r  clk (IN)
                         net (fo=0)                   0.000     0.000    clk
    H16                  IBUF (Prop_ibuf_I_O)         1.451     1.451 r  clk_IBUF_inst/O
                         net (fo=1, routed)           2.522     3.973    clk_IBUF
    BUFGCTRL_X0Y16       BUFG (Prop_bufg_I_O)         0.101     4.074 r  clk_IBUF_BUFG_inst/O
                         net (fo=14358, routed)       1.786     5.860    u_fetch/pc_counter_inst/clk_IBUF_BUFG
    SLICE_X103Y99        FDRE                                         r  u_fetch/pc_counter_inst/pc_current_reg[23]/C
  -------------------------------------------------------------------    -------------------
    SLICE_X103Y99        FDRE (Prop_fdre_C_Q)         0.456     6.316 r  u_fetch/pc_counter_inst/pc_current_reg[23]/Q
                         net (fo=12, routed)          3.563     9.879    pc_out_OBUF[23]
    W18                  OBUF (Prop_obuf_I_O)         3.545    13.424 r  pc_out_OBUF[23]_inst/O
                         net (fo=0)                   0.000    13.424    pc_out[23]
    W18                                                               r  pc_out[23] (OUT)
  -------------------------------------------------------------------    -------------------

Slack:                    inf
  Source:                 u_fetch/pc_counter_inst/pc_current_reg[16]/C
                            (rising edge-triggered cell FDRE clocked by sys_clk_pin  {rise@0.000ns fall@10.000ns period=20.000ns})
  Destination:            pc_out[16]
                            (output port)
  Path Group:             (none)
  Path Type:              Max at Slow Process Corner
  Data Path Delay:        7.480ns  (logic 4.049ns (54.134%)  route 3.431ns (45.866%))
  Logic Levels:           1  (OBUF=1)
  Clock Uncertainty:      0.025ns  ((TSJ^2 + TIJ^2)^1/2 + DJ) / 2 + PE
    Total System Jitter     (TSJ):    0.050ns
    Total Input Jitter      (TIJ):    0.000ns
    Discrete Jitter          (DJ):    0.000ns
    Phase Error              (PE):    0.000ns
  Timing Exception:       False Path

    Location             Delay type                Incr(ns)  Path(ns)    Netlist Resource(s)
  -------------------------------------------------------------------    -------------------
                         (clock sys_clk_pin rise edge)
                                                      0.000     0.000 r  
    H16                                               0.000     0.000 r  clk (IN)
                         net (fo=0)                   0.000     0.000    clk
    H16                  IBUF (Prop_ibuf_I_O)         1.451     1.451 r  clk_IBUF_inst/O
                         net (fo=1, routed)           2.522     3.973    clk_IBUF
    BUFGCTRL_X0Y16       BUFG (Prop_bufg_I_O)         0.101     4.074 r  clk_IBUF_BUFG_inst/O
                         net (fo=14358, routed)       1.786     5.860    u_fetch/pc_counter_inst/clk_IBUF_BUFG
    SLICE_X104Y97        FDRE                                         r  u_fetch/pc_counter_inst/pc_current_reg[16]/C
  -------------------------------------------------------------------    -------------------
    SLICE_X104Y97        FDRE (Prop_fdre_C_Q)         0.518     6.378 r  u_fetch/pc_counter_inst/pc_current_reg[16]/Q
                         net (fo=12, routed)          3.431     9.808    pc_out_OBUF[16]
    N17                  OBUF (Prop_obuf_I_O)         3.531    13.339 r  pc_out_OBUF[16]_inst/O
                         net (fo=0)                   0.000    13.339    pc_out[16]
    N17                                                               r  pc_out[16] (OUT)
  -------------------------------------------------------------------    -------------------

Slack:                    inf
  Source:                 u_fetch/pc_counter_inst/pc_current_reg[15]/C
                            (rising edge-triggered cell FDRE clocked by sys_clk_pin  {rise@0.000ns fall@10.000ns period=20.000ns})
  Destination:            pc_out[15]
                            (output port)
  Path Group:             (none)
  Path Type:              Max at Slow Process Corner
  Data Path Delay:        7.464ns  (logic 4.034ns (54.041%)  route 3.431ns (45.959%))
  Logic Levels:           1  (OBUF=1)
  Clock Uncertainty:      0.025ns  ((TSJ^2 + TIJ^2)^1/2 + DJ) / 2 + PE
    Total System Jitter     (TSJ):    0.050ns
    Total Input Jitter      (TIJ):    0.000ns
    Discrete Jitter          (DJ):    0.000ns
    Phase Error              (PE):    0.000ns
  Timing Exception:       False Path

    Location             Delay type                Incr(ns)  Path(ns)    Netlist Resource(s)
  -------------------------------------------------------------------    -------------------
                         (clock sys_clk_pin rise edge)
                                                      0.000     0.000 r  
    H16                                               0.000     0.000 r  clk (IN)
                         net (fo=0)                   0.000     0.000    clk
    H16                  IBUF (Prop_ibuf_I_O)         1.451     1.451 r  clk_IBUF_inst/O
                         net (fo=1, routed)           2.522     3.973    clk_IBUF
    BUFGCTRL_X0Y16       BUFG (Prop_bufg_I_O)         0.101     4.074 r  clk_IBUF_BUFG_inst/O
                         net (fo=14358, routed)       1.785     5.859    u_fetch/pc_counter_inst/clk_IBUF_BUFG
    SLICE_X104Y96        FDRE                                         r  u_fetch/pc_counter_inst/pc_current_reg[15]/C
  -------------------------------------------------------------------    -------------------
    SLICE_X104Y96        FDRE (Prop_fdre_C_Q)         0.518     6.377 r  u_fetch/pc_counter_inst/pc_current_reg[15]/Q
                         net (fo=12, routed)          3.431     9.807    pc_out_OBUF[15]
    P18                  OBUF (Prop_obuf_I_O)         3.516    13.323 r  pc_out_OBUF[15]_inst/O
                         net (fo=0)                   0.000    13.323    pc_out[15]
    P18                                                               r  pc_out[15] (OUT)
  -------------------------------------------------------------------    -------------------

Slack:                    inf
  Source:                 u_fetch/pc_counter_inst/pc_current_reg[18]/C
                            (rising edge-triggered cell FDRE clocked by sys_clk_pin  {rise@0.000ns fall@10.000ns period=20.000ns})
  Destination:            pc_out[18]
                            (output port)
  Path Group:             (none)
  Path Type:              Max at Slow Process Corner
  Data Path Delay:        7.301ns  (logic 4.029ns (55.191%)  route 3.271ns (44.809%))
  Logic Levels:           1  (OBUF=1)
  Clock Uncertainty:      0.025ns  ((TSJ^2 + TIJ^2)^1/2 + DJ) / 2 + PE
    Total System Jitter     (TSJ):    0.050ns
    Total Input Jitter      (TIJ):    0.000ns
    Discrete Jitter          (DJ):    0.000ns
    Phase Error              (PE):    0.000ns
  Timing Exception:       False Path

    Location             Delay type                Incr(ns)  Path(ns)    Netlist Resource(s)
  -------------------------------------------------------------------    -------------------
                         (clock sys_clk_pin rise edge)
                                                      0.000     0.000 r  
    H16                                               0.000     0.000 r  clk (IN)
                         net (fo=0)                   0.000     0.000    clk
    H16                  IBUF (Prop_ibuf_I_O)         1.451     1.451 r  clk_IBUF_inst/O
                         net (fo=1, routed)           2.522     3.973    clk_IBUF
    BUFGCTRL_X0Y16       BUFG (Prop_bufg_I_O)         0.101     4.074 r  clk_IBUF_BUFG_inst/O
                         net (fo=14358, routed)       1.786     5.860    u_fetch/pc_counter_inst/clk_IBUF_BUFG
    SLICE_X103Y98        FDRE                                         r  u_fetch/pc_counter_inst/pc_current_reg[18]/C
  -------------------------------------------------------------------    -------------------
    SLICE_X103Y98        FDRE (Prop_fdre_C_Q)         0.456     6.316 r  u_fetch/pc_counter_inst/pc_current_reg[18]/Q
                         net (fo=12, routed)          3.271     9.587    pc_out_OBUF[18]
    Y19                  OBUF (Prop_obuf_I_O)         3.573    13.160 r  pc_out_OBUF[18]_inst/O
                         net (fo=0)                   0.000    13.160    pc_out[18]
    Y19                                                               r  pc_out[18] (OUT)
  -------------------------------------------------------------------    -------------------





Min Delay Paths
--------------------------------------------------------------------------------------
Slack:                    inf
  Source:                 u_fetch/pc_counter_inst/pc_current_reg[0]/C
                            (rising edge-triggered cell FDRE clocked by sys_clk_pin  {rise@0.000ns fall@10.000ns period=20.000ns})
  Destination:            pc_out[0]
                            (output port)
  Path Group:             (none)
  Path Type:              Min at Fast Process Corner
  Data Path Delay:        1.955ns  (logic 1.422ns (72.729%)  route 0.533ns (27.271%))
  Logic Levels:           1  (OBUF=1)
  Clock Uncertainty:      0.025ns  ((TSJ^2 + TIJ^2)^1/2 + DJ) / 2 + PE
    Total System Jitter     (TSJ):    0.050ns
    Total Input Jitter      (TIJ):    0.000ns
    Discrete Jitter          (DJ):    0.000ns
    Phase Error              (PE):    0.000ns
  Timing Exception:       False Path

    Location             Delay type                Incr(ns)  Path(ns)    Netlist Resource(s)
  -------------------------------------------------------------------    -------------------
                         (clock sys_clk_pin rise edge)
                                                      0.000     0.000 r  
    H16                                               0.000     0.000 r  clk (IN)
                         net (fo=0)                   0.000     0.000    clk
    H16                  IBUF (Prop_ibuf_I_O)         0.219     0.219 r  clk_IBUF_inst/O
                         net (fo=1, routed)           0.842     1.060    clk_IBUF
    BUFGCTRL_X0Y16       BUFG (Prop_bufg_I_O)         0.026     1.086 r  clk_IBUF_BUFG_inst/O
                         net (fo=14358, routed)       0.607     1.693    u_fetch/pc_counter_inst/clk_IBUF_BUFG
    SLICE_X102Y92        FDRE                                         r  u_fetch/pc_counter_inst/pc_current_reg[0]/C
  -------------------------------------------------------------------    -------------------
    SLICE_X102Y92        FDRE (Prop_fdre_C_Q)         0.164     1.857 r  u_fetch/pc_counter_inst/pc_current_reg[0]/Q
                         net (fo=4, routed)           0.533     2.390    pc_out_OBUF[0]
    P14                  OBUF (Prop_obuf_I_O)         1.258     3.648 r  pc_out_OBUF[0]_inst/O
                         net (fo=0)                   0.000     3.648    pc_out[0]
    P14                                                               r  pc_out[0] (OUT)
  -------------------------------------------------------------------    -------------------

Slack:                    inf
  Source:                 u_fetch/pc_counter_inst/pc_current_reg[8]/C
                            (rising edge-triggered cell FDRE clocked by sys_clk_pin  {rise@0.000ns fall@10.000ns period=20.000ns})
  Destination:            pc_out[8]
                            (output port)
  Path Group:             (none)
  Path Type:              Min at Fast Process Corner
  Data Path Delay:        2.018ns  (logic 1.420ns (70.353%)  route 0.598ns (29.647%))
  Logic Levels:           1  (OBUF=1)
  Clock Uncertainty:      0.025ns  ((TSJ^2 + TIJ^2)^1/2 + DJ) / 2 + PE
    Total System Jitter     (TSJ):    0.050ns
    Total Input Jitter      (TIJ):    0.000ns
    Discrete Jitter          (DJ):    0.000ns
    Phase Error              (PE):    0.000ns
  Timing Exception:       False Path

    Location             Delay type                Incr(ns)  Path(ns)    Netlist Resource(s)
  -------------------------------------------------------------------    -------------------
                         (clock sys_clk_pin rise edge)
                                                      0.000     0.000 r  
    H16                                               0.000     0.000 r  clk (IN)
                         net (fo=0)                   0.000     0.000    clk
    H16                  IBUF (Prop_ibuf_I_O)         0.219     0.219 r  clk_IBUF_inst/O
                         net (fo=1, routed)           0.842     1.060    clk_IBUF
    BUFGCTRL_X0Y16       BUFG (Prop_bufg_I_O)         0.026     1.086 r  clk_IBUF_BUFG_inst/O
                         net (fo=14358, routed)       0.608     1.694    u_fetch/pc_counter_inst/clk_IBUF_BUFG
    SLICE_X103Y93        FDRE                                         r  u_fetch/pc_counter_inst/pc_current_reg[8]/C
  -------------------------------------------------------------------    -------------------
    SLICE_X103Y93        FDRE (Prop_fdre_C_Q)         0.141     1.835 r  u_fetch/pc_counter_inst/pc_current_reg[8]/Q
                         net (fo=33, routed)          0.598     2.433    pc_out_OBUF[8]
    T15                  OBUF (Prop_obuf_I_O)         1.279     3.712 r  pc_out_OBUF[8]_inst/O
                         net (fo=0)                   0.000     3.712    pc_out[8]
    T15                                                               r  pc_out[8] (OUT)
  -------------------------------------------------------------------    -------------------

Slack:                    inf
  Source:                 u_fetch/pc_counter_inst/pc_current_reg[5]/C
                            (rising edge-triggered cell FDRE clocked by sys_clk_pin  {rise@0.000ns fall@10.000ns period=20.000ns})
  Destination:            pc_out[5]
                            (output port)
  Path Group:             (none)
  Path Type:              Min at Fast Process Corner
  Data Path Delay:        2.048ns  (logic 1.488ns (72.627%)  route 0.561ns (27.373%))
  Logic Levels:           1  (OBUF=1)
  Clock Uncertainty:      0.025ns  ((TSJ^2 + TIJ^2)^1/2 + DJ) / 2 + PE
    Total System Jitter     (TSJ):    0.050ns
    Total Input Jitter      (TIJ):    0.000ns
    Discrete Jitter          (DJ):    0.000ns
    Phase Error              (PE):    0.000ns
  Timing Exception:       False Path

    Location             Delay type                Incr(ns)  Path(ns)    Netlist Resource(s)
  -------------------------------------------------------------------    -------------------
                         (clock sys_clk_pin rise edge)
                                                      0.000     0.000 r  
    H16                                               0.000     0.000 r  clk (IN)
                         net (fo=0)                   0.000     0.000    clk
    H16                  IBUF (Prop_ibuf_I_O)         0.219     0.219 r  clk_IBUF_inst/O
                         net (fo=1, routed)           0.842     1.060    clk_IBUF
    BUFGCTRL_X0Y16       BUFG (Prop_bufg_I_O)         0.026     1.086 r  clk_IBUF_BUFG_inst/O
                         net (fo=14358, routed)       0.608     1.694    u_fetch/pc_counter_inst/clk_IBUF_BUFG
    SLICE_X104Y95        FDRE                                         r  u_fetch/pc_counter_inst/pc_current_reg[5]/C
  -------------------------------------------------------------------    -------------------
    SLICE_X104Y95        FDRE (Prop_fdre_C_Q)         0.164     1.858 r  u_fetch/pc_counter_inst/pc_current_reg[5]/Q
                         net (fo=53, routed)          0.561     2.419    pc_out_OBUF[5]
    U13                  OBUF (Prop_obuf_I_O)         1.324     3.743 r  pc_out_OBUF[5]_inst/O
                         net (fo=0)                   0.000     3.743    pc_out[5]
    U13                                                               r  pc_out[5] (OUT)
  -------------------------------------------------------------------    -------------------

Slack:                    inf
  Source:                 u_fetch/pc_counter_inst/pc_current_reg[4]/C
                            (rising edge-triggered cell FDRE clocked by sys_clk_pin  {rise@0.000ns fall@10.000ns period=20.000ns})
  Destination:            pc_out[4]
                            (output port)
  Path Group:             (none)
  Path Type:              Min at Fast Process Corner
  Data Path Delay:        2.070ns  (logic 1.489ns (71.966%)  route 0.580ns (28.034%))
  Logic Levels:           1  (OBUF=1)
  Clock Uncertainty:      0.025ns  ((TSJ^2 + TIJ^2)^1/2 + DJ) / 2 + PE
    Total System Jitter     (TSJ):    0.050ns
    Total Input Jitter      (TIJ):    0.000ns
    Discrete Jitter          (DJ):    0.000ns
    Phase Error              (PE):    0.000ns
  Timing Exception:       False Path

    Location             Delay type                Incr(ns)  Path(ns)    Netlist Resource(s)
  -------------------------------------------------------------------    -------------------
                         (clock sys_clk_pin rise edge)
                                                      0.000     0.000 r  
    H16                                               0.000     0.000 r  clk (IN)
                         net (fo=0)                   0.000     0.000    clk
    H16                  IBUF (Prop_ibuf_I_O)         0.219     0.219 r  clk_IBUF_inst/O
                         net (fo=1, routed)           0.842     1.060    clk_IBUF
    BUFGCTRL_X0Y16       BUFG (Prop_bufg_I_O)         0.026     1.086 r  clk_IBUF_BUFG_inst/O
                         net (fo=14358, routed)       0.608     1.694    u_fetch/pc_counter_inst/clk_IBUF_BUFG
    SLICE_X104Y93        FDRE                                         r  u_fetch/pc_counter_inst/pc_current_reg[4]/C
  -------------------------------------------------------------------    -------------------
    SLICE_X104Y93        FDRE (Prop_fdre_C_Q)         0.164     1.858 r  u_fetch/pc_counter_inst/pc_current_reg[4]/Q
                         net (fo=53, routed)          0.580     2.438    pc_out_OBUF[4]
    U12                  OBUF (Prop_obuf_I_O)         1.325     3.764 r  pc_out_OBUF[4]_inst/O
                         net (fo=0)                   0.000     3.764    pc_out[4]
    U12                                                               r  pc_out[4] (OUT)
  -------------------------------------------------------------------    -------------------

Slack:                    inf
  Source:                 u_fetch/pc_counter_inst/pc_current_reg[6]/C
                            (rising edge-triggered cell FDRE clocked by sys_clk_pin  {rise@0.000ns fall@10.000ns period=20.000ns})
  Destination:            pc_out[6]
                            (output port)
  Path Group:             (none)
  Path Type:              Min at Fast Process Corner
  Data Path Delay:        2.111ns  (logic 1.489ns (70.521%)  route 0.622ns (29.479%))
  Logic Levels:           1  (OBUF=1)
  Clock Uncertainty:      0.025ns  ((TSJ^2 + TIJ^2)^1/2 + DJ) / 2 + PE
    Total System Jitter     (TSJ):    0.050ns
    Total Input Jitter      (TIJ):    0.000ns
    Discrete Jitter          (DJ):    0.000ns
    Phase Error              (PE):    0.000ns
  Timing Exception:       False Path

    Location             Delay type                Incr(ns)  Path(ns)    Netlist Resource(s)
  -------------------------------------------------------------------    -------------------
                         (clock sys_clk_pin rise edge)
                                                      0.000     0.000 r  
    H16                                               0.000     0.000 r  clk (IN)
                         net (fo=0)                   0.000     0.000    clk
    H16                  IBUF (Prop_ibuf_I_O)         0.219     0.219 r  clk_IBUF_inst/O
                         net (fo=1, routed)           0.842     1.060    clk_IBUF
    BUFGCTRL_X0Y16       BUFG (Prop_bufg_I_O)         0.026     1.086 r  clk_IBUF_BUFG_inst/O
                         net (fo=14358, routed)       0.608     1.694    u_fetch/pc_counter_inst/clk_IBUF_BUFG
    SLICE_X104Y95        FDRE                                         r  u_fetch/pc_counter_inst/pc_current_reg[6]/C
  -------------------------------------------------------------------    -------------------
    SLICE_X104Y95        FDRE (Prop_fdre_C_Q)         0.164     1.858 r  u_fetch/pc_counter_inst/pc_current_reg[6]/Q
                         net (fo=63, routed)          0.622     2.481    pc_out_OBUF[6]
    V13                  OBUF (Prop_obuf_I_O)         1.325     3.805 r  pc_out_OBUF[6]_inst/O
                         net (fo=0)                   0.000     3.805    pc_out[6]
    V13                                                               r  pc_out[6] (OUT)
  -------------------------------------------------------------------    -------------------

Slack:                    inf
  Source:                 u_fetch/pc_counter_inst/pc_current_reg[3]/C
                            (rising edge-triggered cell FDRE clocked by sys_clk_pin  {rise@0.000ns fall@10.000ns period=20.000ns})
  Destination:            pc_out[3]
                            (output port)
  Path Group:             (none)
  Path Type:              Min at Fast Process Corner
  Data Path Delay:        2.118ns  (logic 1.448ns (68.366%)  route 0.670ns (31.634%))
  Logic Levels:           1  (OBUF=1)
  Clock Uncertainty:      0.025ns  ((TSJ^2 + TIJ^2)^1/2 + DJ) / 2 + PE
    Total System Jitter     (TSJ):    0.050ns
    Total Input Jitter      (TIJ):    0.000ns
    Discrete Jitter          (DJ):    0.000ns
    Phase Error              (PE):    0.000ns
  Timing Exception:       False Path

    Location             Delay type                Incr(ns)  Path(ns)    Netlist Resource(s)
  -------------------------------------------------------------------    -------------------
                         (clock sys_clk_pin rise edge)
                                                      0.000     0.000 r  
    H16                                               0.000     0.000 r  clk (IN)
                         net (fo=0)                   0.000     0.000    clk
    H16                  IBUF (Prop_ibuf_I_O)         0.219     0.219 r  clk_IBUF_inst/O
                         net (fo=1, routed)           0.842     1.060    clk_IBUF
    BUFGCTRL_X0Y16       BUFG (Prop_bufg_I_O)         0.026     1.086 r  clk_IBUF_BUFG_inst/O
                         net (fo=14358, routed)       0.607     1.693    u_fetch/pc_counter_inst/clk_IBUF_BUFG
    SLICE_X102Y92        FDRE                                         r  u_fetch/pc_counter_inst/pc_current_reg[3]/C
  -------------------------------------------------------------------    -------------------
    SLICE_X102Y92        FDRE (Prop_fdre_C_Q)         0.164     1.857 r  u_fetch/pc_counter_inst/pc_current_reg[3]/Q
                         net (fo=52, routed)          0.670     2.527    pc_out_OBUF[3]
    T14                  OBUF (Prop_obuf_I_O)         1.284     3.811 r  pc_out_OBUF[3]_inst/O
                         net (fo=0)                   0.000     3.811    pc_out[3]
    T14                                                               r  pc_out[3] (OUT)
  -------------------------------------------------------------------    -------------------

Slack:                    inf
  Source:                 u_fetch/pc_counter_inst/pc_current_reg[19]/C
                            (rising edge-triggered cell FDRE clocked by sys_clk_pin  {rise@0.000ns fall@10.000ns period=20.000ns})
  Destination:            pc_out[19]
                            (output port)
  Path Group:             (none)
  Path Type:              Min at Fast Process Corner
  Data Path Delay:        2.162ns  (logic 1.465ns (67.742%)  route 0.698ns (32.258%))
  Logic Levels:           1  (OBUF=1)
  Clock Uncertainty:      0.025ns  ((TSJ^2 + TIJ^2)^1/2 + DJ) / 2 + PE
    Total System Jitter     (TSJ):    0.050ns
    Total Input Jitter      (TIJ):    0.000ns
    Discrete Jitter          (DJ):    0.000ns
    Phase Error              (PE):    0.000ns
  Timing Exception:       False Path

    Location             Delay type                Incr(ns)  Path(ns)    Netlist Resource(s)
  -------------------------------------------------------------------    -------------------
                         (clock sys_clk_pin rise edge)
                                                      0.000     0.000 r  
    H16                                               0.000     0.000 r  clk (IN)
                         net (fo=0)                   0.000     0.000    clk
    H16                  IBUF (Prop_ibuf_I_O)         0.219     0.219 r  clk_IBUF_inst/O
                         net (fo=1, routed)           0.842     1.060    clk_IBUF
    BUFGCTRL_X0Y16       BUFG (Prop_bufg_I_O)         0.026     1.086 r  clk_IBUF_BUFG_inst/O
                         net (fo=14358, routed)       0.609     1.695    u_fetch/pc_counter_inst/clk_IBUF_BUFG
    SLICE_X103Y98        FDRE                                         r  u_fetch/pc_counter_inst/pc_current_reg[19]/C
  -------------------------------------------------------------------    -------------------
    SLICE_X103Y98        FDRE (Prop_fdre_C_Q)         0.141     1.836 r  u_fetch/pc_counter_inst/pc_current_reg[19]/Q
                         net (fo=12, routed)          0.698     2.534    pc_out_OBUF[19]
    Y16                  OBUF (Prop_obuf_I_O)         1.324     3.858 r  pc_out_OBUF[19]_inst/O
                         net (fo=0)                   0.000     3.858    pc_out[19]
    Y16                                                               r  pc_out[19] (OUT)
  -------------------------------------------------------------------    -------------------

Slack:                    inf
  Source:                 u_fetch/pc_counter_inst/pc_current_reg[27]/C
                            (rising edge-triggered cell FDRE clocked by sys_clk_pin  {rise@0.000ns fall@10.000ns period=20.000ns})
  Destination:            pc_out[27]
                            (output port)
  Path Group:             (none)
  Path Type:              Min at Fast Process Corner
  Data Path Delay:        2.124ns  (logic 1.446ns (68.065%)  route 0.678ns (31.935%))
  Logic Levels:           1  (OBUF=1)
  Clock Uncertainty:      0.025ns  ((TSJ^2 + TIJ^2)^1/2 + DJ) / 2 + PE
    Total System Jitter     (TSJ):    0.050ns
    Total Input Jitter      (TIJ):    0.000ns
    Discrete Jitter          (DJ):    0.000ns
    Phase Error              (PE):    0.000ns
  Timing Exception:       False Path

    Location             Delay type                Incr(ns)  Path(ns)    Netlist Resource(s)
  -------------------------------------------------------------------    -------------------
                         (clock sys_clk_pin rise edge)
                                                      0.000     0.000 r  
    H16                                               0.000     0.000 r  clk (IN)
                         net (fo=0)                   0.000     0.000    clk
    H16                  IBUF (Prop_ibuf_I_O)         0.219     0.219 r  clk_IBUF_inst/O
                         net (fo=1, routed)           0.842     1.060    clk_IBUF
    BUFGCTRL_X0Y16       BUFG (Prop_bufg_I_O)         0.026     1.086 r  clk_IBUF_BUFG_inst/O
                         net (fo=14358, routed)       0.691     1.778    u_fetch/pc_counter_inst/clk_IBUF_BUFG
    SLICE_X103Y100       FDRE                                         r  u_fetch/pc_counter_inst/pc_current_reg[27]/C
  -------------------------------------------------------------------    -------------------
    SLICE_X103Y100       FDRE (Prop_fdre_C_Q)         0.141     1.919 r  u_fetch/pc_counter_inst/pc_current_reg[27]/Q
                         net (fo=12, routed)          0.678     2.597    pc_out_OBUF[27]
    T11                  OBUF (Prop_obuf_I_O)         1.305     3.902 r  pc_out_OBUF[27]_inst/O
                         net (fo=0)                   0.000     3.902    pc_out[27]
    T11                                                               r  pc_out[27] (OUT)
  -------------------------------------------------------------------    -------------------

Slack:                    inf
  Source:                 u_fetch/pc_counter_inst/pc_current_reg[2]/C
                            (rising edge-triggered cell FDRE clocked by sys_clk_pin  {rise@0.000ns fall@10.000ns period=20.000ns})
  Destination:            pc_out[2]
                            (output port)
  Path Group:             (none)
  Path Type:              Min at Fast Process Corner
  Data Path Delay:        2.215ns  (logic 1.445ns (65.241%)  route 0.770ns (34.759%))
  Logic Levels:           1  (OBUF=1)
  Clock Uncertainty:      0.025ns  ((TSJ^2 + TIJ^2)^1/2 + DJ) / 2 + PE
    Total System Jitter     (TSJ):    0.050ns
    Total Input Jitter      (TIJ):    0.000ns
    Discrete Jitter          (DJ):    0.000ns
    Phase Error              (PE):    0.000ns
  Timing Exception:       False Path

    Location             Delay type                Incr(ns)  Path(ns)    Netlist Resource(s)
  -------------------------------------------------------------------    -------------------
                         (clock sys_clk_pin rise edge)
                                                      0.000     0.000 r  
    H16                                               0.000     0.000 r  clk (IN)
                         net (fo=0)                   0.000     0.000    clk
    H16                  IBUF (Prop_ibuf_I_O)         0.219     0.219 r  clk_IBUF_inst/O
                         net (fo=1, routed)           0.842     1.060    clk_IBUF
    BUFGCTRL_X0Y16       BUFG (Prop_bufg_I_O)         0.026     1.086 r  clk_IBUF_BUFG_inst/O
                         net (fo=14358, routed)       0.608     1.694    u_fetch/pc_counter_inst/clk_IBUF_BUFG
    SLICE_X102Y93        FDRE                                         r  u_fetch/pc_counter_inst/pc_current_reg[2]/C
  -------------------------------------------------------------------    -------------------
    SLICE_X102Y93        FDRE (Prop_fdre_C_Q)         0.164     1.858 r  u_fetch/pc_counter_inst/pc_current_reg[2]/Q
                         net (fo=53, routed)          0.770     2.628    pc_out_OBUF[2]
    M14                  OBUF (Prop_obuf_I_O)         1.281     3.910 r  pc_out_OBUF[2]_inst/O
                         net (fo=0)                   0.000     3.910    pc_out[2]
    M14                                                               r  pc_out[2] (OUT)
  -------------------------------------------------------------------    -------------------

Slack:                    inf
  Source:                 u_fetch/pc_counter_inst/pc_current_reg[13]/C
                            (rising edge-triggered cell FDRE clocked by sys_clk_pin  {rise@0.000ns fall@10.000ns period=20.000ns})
  Destination:            pc_out[13]
                            (output port)
  Path Group:             (none)
  Path Type:              Min at Fast Process Corner
  Data Path Delay:        2.221ns  (logic 1.426ns (64.207%)  route 0.795ns (35.793%))
  Logic Levels:           1  (OBUF=1)
  Clock Uncertainty:      0.025ns  ((TSJ^2 + TIJ^2)^1/2 + DJ) / 2 + PE
    Total System Jitter     (TSJ):    0.050ns
    Total Input Jitter      (TIJ):    0.000ns
    Discrete Jitter          (DJ):    0.000ns
    Phase Error              (PE):    0.000ns
  Timing Exception:       False Path

    Location             Delay type                Incr(ns)  Path(ns)    Netlist Resource(s)
  -------------------------------------------------------------------    -------------------
                         (clock sys_clk_pin rise edge)
                                                      0.000     0.000 r  
    H16                                               0.000     0.000 r  clk (IN)
                         net (fo=0)                   0.000     0.000    clk
    H16                  IBUF (Prop_ibuf_I_O)         0.219     0.219 r  clk_IBUF_inst/O
                         net (fo=1, routed)           0.842     1.060    clk_IBUF
    BUFGCTRL_X0Y16       BUFG (Prop_bufg_I_O)         0.026     1.086 r  clk_IBUF_BUFG_inst/O
                         net (fo=14358, routed)       0.608     1.694    u_fetch/pc_counter_inst/clk_IBUF_BUFG
    SLICE_X103Y95        FDRE                                         r  u_fetch/pc_counter_inst/pc_current_reg[13]/C
  -------------------------------------------------------------------    -------------------
    SLICE_X103Y95        FDRE (Prop_fdre_C_Q)         0.141     1.835 r  u_fetch/pc_counter_inst/pc_current_reg[13]/Q
                         net (fo=12, routed)          0.795     2.630    pc_out_OBUF[13]
    T16                  OBUF (Prop_obuf_I_O)         1.285     3.916 r  pc_out_OBUF[13]_inst/O
                         net (fo=0)                   0.000     3.916    pc_out[13]
    T16                                                               r  pc_out[13] (OUT)
  -------------------------------------------------------------------    -------------------





--------------------------------------------------------------------------------------
Path Group:  (none)
From Clock:  
  To Clock:  sys_clk_pin

Max Delay         14269 Endpoints
Min Delay         14269 Endpoints
--------------------------------------------------------------------------------------


Max Delay Paths
--------------------------------------------------------------------------------------
Slack:                    inf
  Source:                 reset
                            (input port)
  Destination:            u_skid_decode_rename/data_reg_reg[pc][18]/R
                            (rising edge-triggered cell FDRE clocked by sys_clk_pin  {rise@0.000ns fall@10.000ns period=20.000ns})
  Path Group:             (none)
  Path Type:              Setup (Max at Slow Process Corner)
  Data Path Delay:        21.707ns  (logic 1.615ns (7.442%)  route 20.092ns (92.558%))
  Logic Levels:           2  (IBUF=1 LUT2=1)
  Clock Path Skew:        5.625ns (DCD - SCD + CPR)
    Destination Clock Delay (DCD):    5.625ns
    Source Clock Delay      (SCD):    0.000ns
    Clock Pessimism Removal (CPR):    0.000ns
  Clock Uncertainty:      0.025ns  ((TSJ^2 + TIJ^2)^1/2 + DJ) / 2 + PE
    Total System Jitter     (TSJ):    0.050ns
    Total Input Jitter      (TIJ):    0.000ns
    Discrete Jitter          (DJ):    0.000ns
    Phase Error              (PE):    0.000ns
  Timing Exception:       False Path

    Location             Delay type                Incr(ns)  Path(ns)    Netlist Resource(s)
  -------------------------------------------------------------------    -------------------
    D19                                               0.000     0.000 r  reset (IN)
                         net (fo=0)                   0.000     0.000    reset
    D19                  IBUF (Prop_ibuf_I_O)         1.463     1.463 r  reset_IBUF_inst/O
                         net (fo=13550, routed)       9.602    11.066    u_branch/reset_IBUF
    SLICE_X24Y22         LUT2 (Prop_lut2_I0_O)        0.152    11.218 r  u_branch/valid_reg_i_1/O
                         net (fo=720, routed)        10.489    21.707    u_skid_decode_rename/bypass0
    SLICE_X110Y104       FDRE                                         r  u_skid_decode_rename/data_reg_reg[pc][18]/R
  -------------------------------------------------------------------    -------------------

                         (clock sys_clk_pin rise edge)
                                                      0.000     0.000 r  
    H16                                               0.000     0.000 r  clk (IN)
                         net (fo=0)                   0.000     0.000    clk
    H16                  IBUF (Prop_ibuf_I_O)         1.380     1.380 r  clk_IBUF_inst/O
                         net (fo=1, routed)           2.293     3.673    clk_IBUF
    BUFGCTRL_X0Y16       BUFG (Prop_bufg_I_O)         0.091     3.764 r  clk_IBUF_BUFG_inst/O
                         net (fo=14358, routed)       1.860     5.625    u_skid_decode_rename/clk_IBUF_BUFG
    SLICE_X110Y104       FDRE                                         r  u_skid_decode_rename/data_reg_reg[pc][18]/C

Slack:                    inf
  Source:                 reset
                            (input port)
  Destination:            u_skid_decode_rename/data_reg_reg[pc][19]/R
                            (rising edge-triggered cell FDRE clocked by sys_clk_pin  {rise@0.000ns fall@10.000ns period=20.000ns})
  Path Group:             (none)
  Path Type:              Setup (Max at Slow Process Corner)
  Data Path Delay:        21.707ns  (logic 1.615ns (7.442%)  route 20.092ns (92.558%))
  Logic Levels:           2  (IBUF=1 LUT2=1)
  Clock Path Skew:        5.625ns (DCD - SCD + CPR)
    Destination Clock Delay (DCD):    5.625ns
    Source Clock Delay      (SCD):    0.000ns
    Clock Pessimism Removal (CPR):    0.000ns
  Clock Uncertainty:      0.025ns  ((TSJ^2 + TIJ^2)^1/2 + DJ) / 2 + PE
    Total System Jitter     (TSJ):    0.050ns
    Total Input Jitter      (TIJ):    0.000ns
    Discrete Jitter          (DJ):    0.000ns
    Phase Error              (PE):    0.000ns
  Timing Exception:       False Path

    Location             Delay type                Incr(ns)  Path(ns)    Netlist Resource(s)
  -------------------------------------------------------------------    -------------------
    D19                                               0.000     0.000 r  reset (IN)
                         net (fo=0)                   0.000     0.000    reset
    D19                  IBUF (Prop_ibuf_I_O)         1.463     1.463 r  reset_IBUF_inst/O
                         net (fo=13550, routed)       9.602    11.066    u_branch/reset_IBUF
    SLICE_X24Y22         LUT2 (Prop_lut2_I0_O)        0.152    11.218 r  u_branch/valid_reg_i_1/O
                         net (fo=720, routed)        10.489    21.707    u_skid_decode_rename/bypass0
    SLICE_X110Y104       FDRE                                         r  u_skid_decode_rename/data_reg_reg[pc][19]/R
  -------------------------------------------------------------------    -------------------

                         (clock sys_clk_pin rise edge)
                                                      0.000     0.000 r  
    H16                                               0.000     0.000 r  clk (IN)
                         net (fo=0)                   0.000     0.000    clk
    H16                  IBUF (Prop_ibuf_I_O)         1.380     1.380 r  clk_IBUF_inst/O
                         net (fo=1, routed)           2.293     3.673    clk_IBUF
    BUFGCTRL_X0Y16       BUFG (Prop_bufg_I_O)         0.091     3.764 r  clk_IBUF_BUFG_inst/O
                         net (fo=14358, routed)       1.860     5.625    u_skid_decode_rename/clk_IBUF_BUFG
    SLICE_X110Y104       FDRE                                         r  u_skid_decode_rename/data_reg_reg[pc][19]/C

Slack:                    inf
  Source:                 reset
                            (input port)
  Destination:            u_skid_decode_rename/data_reg_reg[pc][20]/R
                            (rising edge-triggered cell FDRE clocked by sys_clk_pin  {rise@0.000ns fall@10.000ns period=20.000ns})
  Path Group:             (none)
  Path Type:              Setup (Max at Slow Process Corner)
  Data Path Delay:        21.707ns  (logic 1.615ns (7.442%)  route 20.092ns (92.558%))
  Logic Levels:           2  (IBUF=1 LUT2=1)
  Clock Path Skew:        5.625ns (DCD - SCD + CPR)
    Destination Clock Delay (DCD):    5.625ns
    Source Clock Delay      (SCD):    0.000ns
    Clock Pessimism Removal (CPR):    0.000ns
  Clock Uncertainty:      0.025ns  ((TSJ^2 + TIJ^2)^1/2 + DJ) / 2 + PE
    Total System Jitter     (TSJ):    0.050ns
    Total Input Jitter      (TIJ):    0.000ns
    Discrete Jitter          (DJ):    0.000ns
    Phase Error              (PE):    0.000ns
  Timing Exception:       False Path

    Location             Delay type                Incr(ns)  Path(ns)    Netlist Resource(s)
  -------------------------------------------------------------------    -------------------
    D19                                               0.000     0.000 r  reset (IN)
                         net (fo=0)                   0.000     0.000    reset
    D19                  IBUF (Prop_ibuf_I_O)         1.463     1.463 r  reset_IBUF_inst/O
                         net (fo=13550, routed)       9.602    11.066    u_branch/reset_IBUF
    SLICE_X24Y22         LUT2 (Prop_lut2_I0_O)        0.152    11.218 r  u_branch/valid_reg_i_1/O
                         net (fo=720, routed)        10.489    21.707    u_skid_decode_rename/bypass0
    SLICE_X110Y104       FDRE                                         r  u_skid_decode_rename/data_reg_reg[pc][20]/R
  -------------------------------------------------------------------    -------------------

                         (clock sys_clk_pin rise edge)
                                                      0.000     0.000 r  
    H16                                               0.000     0.000 r  clk (IN)
                         net (fo=0)                   0.000     0.000    clk
    H16                  IBUF (Prop_ibuf_I_O)         1.380     1.380 r  clk_IBUF_inst/O
                         net (fo=1, routed)           2.293     3.673    clk_IBUF
    BUFGCTRL_X0Y16       BUFG (Prop_bufg_I_O)         0.091     3.764 r  clk_IBUF_BUFG_inst/O
                         net (fo=14358, routed)       1.860     5.625    u_skid_decode_rename/clk_IBUF_BUFG
    SLICE_X110Y104       FDRE                                         r  u_skid_decode_rename/data_reg_reg[pc][20]/C

Slack:                    inf
  Source:                 reset
                            (input port)
  Destination:            u_skid_decode_rename/data_reg_reg[pc][21]/R
                            (rising edge-triggered cell FDRE clocked by sys_clk_pin  {rise@0.000ns fall@10.000ns period=20.000ns})
  Path Group:             (none)
  Path Type:              Setup (Max at Slow Process Corner)
  Data Path Delay:        21.707ns  (logic 1.615ns (7.442%)  route 20.092ns (92.558%))
  Logic Levels:           2  (IBUF=1 LUT2=1)
  Clock Path Skew:        5.625ns (DCD - SCD + CPR)
    Destination Clock Delay (DCD):    5.625ns
    Source Clock Delay      (SCD):    0.000ns
    Clock Pessimism Removal (CPR):    0.000ns
  Clock Uncertainty:      0.025ns  ((TSJ^2 + TIJ^2)^1/2 + DJ) / 2 + PE
    Total System Jitter     (TSJ):    0.050ns
    Total Input Jitter      (TIJ):    0.000ns
    Discrete Jitter          (DJ):    0.000ns
    Phase Error              (PE):    0.000ns
  Timing Exception:       False Path

    Location             Delay type                Incr(ns)  Path(ns)    Netlist Resource(s)
  -------------------------------------------------------------------    -------------------
    D19                                               0.000     0.000 r  reset (IN)
                         net (fo=0)                   0.000     0.000    reset
    D19                  IBUF (Prop_ibuf_I_O)         1.463     1.463 r  reset_IBUF_inst/O
                         net (fo=13550, routed)       9.602    11.066    u_branch/reset_IBUF
    SLICE_X24Y22         LUT2 (Prop_lut2_I0_O)        0.152    11.218 r  u_branch/valid_reg_i_1/O
                         net (fo=720, routed)        10.489    21.707    u_skid_decode_rename/bypass0
    SLICE_X110Y104       FDRE                                         r  u_skid_decode_rename/data_reg_reg[pc][21]/R
  -------------------------------------------------------------------    -------------------

                         (clock sys_clk_pin rise edge)
                                                      0.000     0.000 r  
    H16                                               0.000     0.000 r  clk (IN)
                         net (fo=0)                   0.000     0.000    clk
    H16                  IBUF (Prop_ibuf_I_O)         1.380     1.380 r  clk_IBUF_inst/O
                         net (fo=1, routed)           2.293     3.673    clk_IBUF
    BUFGCTRL_X0Y16       BUFG (Prop_bufg_I_O)         0.091     3.764 r  clk_IBUF_BUFG_inst/O
                         net (fo=14358, routed)       1.860     5.625    u_skid_decode_rename/clk_IBUF_BUFG
    SLICE_X110Y104       FDRE                                         r  u_skid_decode_rename/data_reg_reg[pc][21]/C

Slack:                    inf
  Source:                 reset
                            (input port)
  Destination:            u_skid_decode_rename/data_skid_reg[pc][16]/R
                            (rising edge-triggered cell FDRE clocked by sys_clk_pin  {rise@0.000ns fall@10.000ns period=20.000ns})
  Path Group:             (none)
  Path Type:              Setup (Max at Slow Process Corner)
  Data Path Delay:        21.703ns  (logic 1.615ns (7.443%)  route 20.087ns (92.557%))
  Logic Levels:           2  (IBUF=1 LUT2=1)
  Clock Path Skew:        5.625ns (DCD - SCD + CPR)
    Destination Clock Delay (DCD):    5.625ns
    Source Clock Delay      (SCD):    0.000ns
    Clock Pessimism Removal (CPR):    0.000ns
  Clock Uncertainty:      0.025ns  ((TSJ^2 + TIJ^2)^1/2 + DJ) / 2 + PE
    Total System Jitter     (TSJ):    0.050ns
    Total Input Jitter      (TIJ):    0.000ns
    Discrete Jitter          (DJ):    0.000ns
    Phase Error              (PE):    0.000ns
  Timing Exception:       False Path

    Location             Delay type                Incr(ns)  Path(ns)    Netlist Resource(s)
  -------------------------------------------------------------------    -------------------
    D19                                               0.000     0.000 r  reset (IN)
                         net (fo=0)                   0.000     0.000    reset
    D19                  IBUF (Prop_ibuf_I_O)         1.463     1.463 r  reset_IBUF_inst/O
                         net (fo=13550, routed)       9.602    11.066    u_branch/reset_IBUF
    SLICE_X24Y22         LUT2 (Prop_lut2_I0_O)        0.152    11.218 r  u_branch/valid_reg_i_1/O
                         net (fo=720, routed)        10.485    21.703    u_skid_decode_rename/bypass0
    SLICE_X111Y104       FDRE                                         r  u_skid_decode_rename/data_skid_reg[pc][16]/R
  -------------------------------------------------------------------    -------------------

                         (clock sys_clk_pin rise edge)
                                                      0.000     0.000 r  
    H16                                               0.000     0.000 r  clk (IN)
                         net (fo=0)                   0.000     0.000    clk
    H16                  IBUF (Prop_ibuf_I_O)         1.380     1.380 r  clk_IBUF_inst/O
                         net (fo=1, routed)           2.293     3.673    clk_IBUF
    BUFGCTRL_X0Y16       BUFG (Prop_bufg_I_O)         0.091     3.764 r  clk_IBUF_BUFG_inst/O
                         net (fo=14358, routed)       1.860     5.625    u_skid_decode_rename/clk_IBUF_BUFG
    SLICE_X111Y104       FDRE                                         r  u_skid_decode_rename/data_skid_reg[pc][16]/C

Slack:                    inf
  Source:                 reset
                            (input port)
  Destination:            u_skid_decode_rename/data_skid_reg[pc][18]/R
                            (rising edge-triggered cell FDRE clocked by sys_clk_pin  {rise@0.000ns fall@10.000ns period=20.000ns})
  Path Group:             (none)
  Path Type:              Setup (Max at Slow Process Corner)
  Data Path Delay:        21.703ns  (logic 1.615ns (7.443%)  route 20.087ns (92.557%))
  Logic Levels:           2  (IBUF=1 LUT2=1)
  Clock Path Skew:        5.625ns (DCD - SCD + CPR)
    Destination Clock Delay (DCD):    5.625ns
    Source Clock Delay      (SCD):    0.000ns
    Clock Pessimism Removal (CPR):    0.000ns
  Clock Uncertainty:      0.025ns  ((TSJ^2 + TIJ^2)^1/2 + DJ) / 2 + PE
    Total System Jitter     (TSJ):    0.050ns
    Total Input Jitter      (TIJ):    0.000ns
    Discrete Jitter          (DJ):    0.000ns
    Phase Error              (PE):    0.000ns
  Timing Exception:       False Path

    Location             Delay type                Incr(ns)  Path(ns)    Netlist Resource(s)
  -------------------------------------------------------------------    -------------------
    D19                                               0.000     0.000 r  reset (IN)
                         net (fo=0)                   0.000     0.000    reset
    D19                  IBUF (Prop_ibuf_I_O)         1.463     1.463 r  reset_IBUF_inst/O
                         net (fo=13550, routed)       9.602    11.066    u_branch/reset_IBUF
    SLICE_X24Y22         LUT2 (Prop_lut2_I0_O)        0.152    11.218 r  u_branch/valid_reg_i_1/O
                         net (fo=720, routed)        10.485    21.703    u_skid_decode_rename/bypass0
    SLICE_X111Y104       FDRE                                         r  u_skid_decode_rename/data_skid_reg[pc][18]/R
  -------------------------------------------------------------------    -------------------

                         (clock sys_clk_pin rise edge)
                                                      0.000     0.000 r  
    H16                                               0.000     0.000 r  clk (IN)
                         net (fo=0)                   0.000     0.000    clk
    H16                  IBUF (Prop_ibuf_I_O)         1.380     1.380 r  clk_IBUF_inst/O
                         net (fo=1, routed)           2.293     3.673    clk_IBUF
    BUFGCTRL_X0Y16       BUFG (Prop_bufg_I_O)         0.091     3.764 r  clk_IBUF_BUFG_inst/O
                         net (fo=14358, routed)       1.860     5.625    u_skid_decode_rename/clk_IBUF_BUFG
    SLICE_X111Y104       FDRE                                         r  u_skid_decode_rename/data_skid_reg[pc][18]/C

Slack:                    inf
  Source:                 reset
                            (input port)
  Destination:            u_skid_decode_rename/data_skid_reg[pc][19]/R
                            (rising edge-triggered cell FDRE clocked by sys_clk_pin  {rise@0.000ns fall@10.000ns period=20.000ns})
  Path Group:             (none)
  Path Type:              Setup (Max at Slow Process Corner)
  Data Path Delay:        21.703ns  (logic 1.615ns (7.443%)  route 20.087ns (92.557%))
  Logic Levels:           2  (IBUF=1 LUT2=1)
  Clock Path Skew:        5.625ns (DCD - SCD + CPR)
    Destination Clock Delay (DCD):    5.625ns
    Source Clock Delay      (SCD):    0.000ns
    Clock Pessimism Removal (CPR):    0.000ns
  Clock Uncertainty:      0.025ns  ((TSJ^2 + TIJ^2)^1/2 + DJ) / 2 + PE
    Total System Jitter     (TSJ):    0.050ns
    Total Input Jitter      (TIJ):    0.000ns
    Discrete Jitter          (DJ):    0.000ns
    Phase Error              (PE):    0.000ns
  Timing Exception:       False Path

    Location             Delay type                Incr(ns)  Path(ns)    Netlist Resource(s)
  -------------------------------------------------------------------    -------------------
    D19                                               0.000     0.000 r  reset (IN)
                         net (fo=0)                   0.000     0.000    reset
    D19                  IBUF (Prop_ibuf_I_O)         1.463     1.463 r  reset_IBUF_inst/O
                         net (fo=13550, routed)       9.602    11.066    u_branch/reset_IBUF
    SLICE_X24Y22         LUT2 (Prop_lut2_I0_O)        0.152    11.218 r  u_branch/valid_reg_i_1/O
                         net (fo=720, routed)        10.485    21.703    u_skid_decode_rename/bypass0
    SLICE_X111Y104       FDRE                                         r  u_skid_decode_rename/data_skid_reg[pc][19]/R
  -------------------------------------------------------------------    -------------------

                         (clock sys_clk_pin rise edge)
                                                      0.000     0.000 r  
    H16                                               0.000     0.000 r  clk (IN)
                         net (fo=0)                   0.000     0.000    clk
    H16                  IBUF (Prop_ibuf_I_O)         1.380     1.380 r  clk_IBUF_inst/O
                         net (fo=1, routed)           2.293     3.673    clk_IBUF
    BUFGCTRL_X0Y16       BUFG (Prop_bufg_I_O)         0.091     3.764 r  clk_IBUF_BUFG_inst/O
                         net (fo=14358, routed)       1.860     5.625    u_skid_decode_rename/clk_IBUF_BUFG
    SLICE_X111Y104       FDRE                                         r  u_skid_decode_rename/data_skid_reg[pc][19]/C

Slack:                    inf
  Source:                 reset
                            (input port)
  Destination:            u_skid_decode_rename/data_skid_reg[pc][20]/R
                            (rising edge-triggered cell FDRE clocked by sys_clk_pin  {rise@0.000ns fall@10.000ns period=20.000ns})
  Path Group:             (none)
  Path Type:              Setup (Max at Slow Process Corner)
  Data Path Delay:        21.703ns  (logic 1.615ns (7.443%)  route 20.087ns (92.557%))
  Logic Levels:           2  (IBUF=1 LUT2=1)
  Clock Path Skew:        5.625ns (DCD - SCD + CPR)
    Destination Clock Delay (DCD):    5.625ns
    Source Clock Delay      (SCD):    0.000ns
    Clock Pessimism Removal (CPR):    0.000ns
  Clock Uncertainty:      0.025ns  ((TSJ^2 + TIJ^2)^1/2 + DJ) / 2 + PE
    Total System Jitter     (TSJ):    0.050ns
    Total Input Jitter      (TIJ):    0.000ns
    Discrete Jitter          (DJ):    0.000ns
    Phase Error              (PE):    0.000ns
  Timing Exception:       False Path

    Location             Delay type                Incr(ns)  Path(ns)    Netlist Resource(s)
  -------------------------------------------------------------------    -------------------
    D19                                               0.000     0.000 r  reset (IN)
                         net (fo=0)                   0.000     0.000    reset
    D19                  IBUF (Prop_ibuf_I_O)         1.463     1.463 r  reset_IBUF_inst/O
                         net (fo=13550, routed)       9.602    11.066    u_branch/reset_IBUF
    SLICE_X24Y22         LUT2 (Prop_lut2_I0_O)        0.152    11.218 r  u_branch/valid_reg_i_1/O
                         net (fo=720, routed)        10.485    21.703    u_skid_decode_rename/bypass0
    SLICE_X111Y104       FDRE                                         r  u_skid_decode_rename/data_skid_reg[pc][20]/R
  -------------------------------------------------------------------    -------------------

                         (clock sys_clk_pin rise edge)
                                                      0.000     0.000 r  
    H16                                               0.000     0.000 r  clk (IN)
                         net (fo=0)                   0.000     0.000    clk
    H16                  IBUF (Prop_ibuf_I_O)         1.380     1.380 r  clk_IBUF_inst/O
                         net (fo=1, routed)           2.293     3.673    clk_IBUF
    BUFGCTRL_X0Y16       BUFG (Prop_bufg_I_O)         0.091     3.764 r  clk_IBUF_BUFG_inst/O
                         net (fo=14358, routed)       1.860     5.625    u_skid_decode_rename/clk_IBUF_BUFG
    SLICE_X111Y104       FDRE                                         r  u_skid_decode_rename/data_skid_reg[pc][20]/C

Slack:                    inf
  Source:                 reset
                            (input port)
  Destination:            u_skid_decode_rename/data_skid_reg[pc][21]/R
                            (rising edge-triggered cell FDRE clocked by sys_clk_pin  {rise@0.000ns fall@10.000ns period=20.000ns})
  Path Group:             (none)
  Path Type:              Setup (Max at Slow Process Corner)
  Data Path Delay:        21.703ns  (logic 1.615ns (7.443%)  route 20.087ns (92.557%))
  Logic Levels:           2  (IBUF=1 LUT2=1)
  Clock Path Skew:        5.625ns (DCD - SCD + CPR)
    Destination Clock Delay (DCD):    5.625ns
    Source Clock Delay      (SCD):    0.000ns
    Clock Pessimism Removal (CPR):    0.000ns
  Clock Uncertainty:      0.025ns  ((TSJ^2 + TIJ^2)^1/2 + DJ) / 2 + PE
    Total System Jitter     (TSJ):    0.050ns
    Total Input Jitter      (TIJ):    0.000ns
    Discrete Jitter          (DJ):    0.000ns
    Phase Error              (PE):    0.000ns
  Timing Exception:       False Path

    Location             Delay type                Incr(ns)  Path(ns)    Netlist Resource(s)
  -------------------------------------------------------------------    -------------------
    D19                                               0.000     0.000 r  reset (IN)
                         net (fo=0)                   0.000     0.000    reset
    D19                  IBUF (Prop_ibuf_I_O)         1.463     1.463 r  reset_IBUF_inst/O
                         net (fo=13550, routed)       9.602    11.066    u_branch/reset_IBUF
    SLICE_X24Y22         LUT2 (Prop_lut2_I0_O)        0.152    11.218 r  u_branch/valid_reg_i_1/O
                         net (fo=720, routed)        10.485    21.703    u_skid_decode_rename/bypass0
    SLICE_X111Y104       FDRE                                         r  u_skid_decode_rename/data_skid_reg[pc][21]/R
  -------------------------------------------------------------------    -------------------

                         (clock sys_clk_pin rise edge)
                                                      0.000     0.000 r  
    H16                                               0.000     0.000 r  clk (IN)
                         net (fo=0)                   0.000     0.000    clk
    H16                  IBUF (Prop_ibuf_I_O)         1.380     1.380 r  clk_IBUF_inst/O
                         net (fo=1, routed)           2.293     3.673    clk_IBUF
    BUFGCTRL_X0Y16       BUFG (Prop_bufg_I_O)         0.091     3.764 r  clk_IBUF_BUFG_inst/O
                         net (fo=14358, routed)       1.860     5.625    u_skid_decode_rename/clk_IBUF_BUFG
    SLICE_X111Y104       FDRE                                         r  u_skid_decode_rename/data_skid_reg[pc][21]/C

Slack:                    inf
  Source:                 reset
                            (input port)
  Destination:            u_skid_decode_rename/data_reg_reg[pc][22]/R
                            (rising edge-triggered cell FDRE clocked by sys_clk_pin  {rise@0.000ns fall@10.000ns period=20.000ns})
  Path Group:             (none)
  Path Type:              Setup (Max at Slow Process Corner)
  Data Path Delay:        21.659ns  (logic 1.615ns (7.458%)  route 20.044ns (92.542%))
  Logic Levels:           2  (IBUF=1 LUT2=1)
  Clock Path Skew:        5.619ns (DCD - SCD + CPR)
    Destination Clock Delay (DCD):    5.619ns
    Source Clock Delay      (SCD):    0.000ns
    Clock Pessimism Removal (CPR):    0.000ns
  Clock Uncertainty:      0.025ns  ((TSJ^2 + TIJ^2)^1/2 + DJ) / 2 + PE
    Total System Jitter     (TSJ):    0.050ns
    Total Input Jitter      (TIJ):    0.000ns
    Discrete Jitter          (DJ):    0.000ns
    Phase Error              (PE):    0.000ns
  Timing Exception:       False Path

    Location             Delay type                Incr(ns)  Path(ns)    Netlist Resource(s)
  -------------------------------------------------------------------    -------------------
    D19                                               0.000     0.000 r  reset (IN)
                         net (fo=0)                   0.000     0.000    reset
    D19                  IBUF (Prop_ibuf_I_O)         1.463     1.463 r  reset_IBUF_inst/O
                         net (fo=13550, routed)       9.602    11.066    u_branch/reset_IBUF
    SLICE_X24Y22         LUT2 (Prop_lut2_I0_O)        0.152    11.218 r  u_branch/valid_reg_i_1/O
                         net (fo=720, routed)        10.442    21.659    u_skid_decode_rename/bypass0
    SLICE_X107Y111       FDRE                                         r  u_skid_decode_rename/data_reg_reg[pc][22]/R
  -------------------------------------------------------------------    -------------------

                         (clock sys_clk_pin rise edge)
                                                      0.000     0.000 r  
    H16                                               0.000     0.000 r  clk (IN)
                         net (fo=0)                   0.000     0.000    clk
    H16                  IBUF (Prop_ibuf_I_O)         1.380     1.380 r  clk_IBUF_inst/O
                         net (fo=1, routed)           2.293     3.673    clk_IBUF
    BUFGCTRL_X0Y16       BUFG (Prop_bufg_I_O)         0.091     3.764 r  clk_IBUF_BUFG_inst/O
                         net (fo=14358, routed)       1.854     5.619    u_skid_decode_rename/clk_IBUF_BUFG
    SLICE_X107Y111       FDRE                                         r  u_skid_decode_rename/data_reg_reg[pc][22]/C





Min Delay Paths
--------------------------------------------------------------------------------------
Slack:                    inf
  Source:                 reset
                            (input port)
  Destination:            u_rename/u_map_table/map_cp_reg[5][15][1]/PRE
                            (removal check against rising-edge clock sys_clk_pin  {rise@0.000ns fall@10.000ns period=20.000ns})
  Path Group:             (none)
  Path Type:              Removal (Min at Fast Process Corner)
  Data Path Delay:        1.048ns  (logic 0.231ns (22.079%)  route 0.817ns (77.921%))
  Logic Levels:           1  (IBUF=1)
  Clock Path Skew:        2.297ns (DCD - SCD - CPR)
    Destination Clock Delay (DCD):    2.297ns
    Source Clock Delay      (SCD):    0.000ns
    Clock Pessimism Removal (CPR):    -0.000ns
  Timing Exception:       False Path

    Location             Delay type                Incr(ns)  Path(ns)    Netlist Resource(s)
  -------------------------------------------------------------------    -------------------
    D19                                               0.000     0.000 f  reset (IN)
                         net (fo=0)                   0.000     0.000    reset
    D19                  IBUF (Prop_ibuf_I_O)         0.231     0.231 f  reset_IBUF_inst/O
                         net (fo=13550, routed)       0.817     1.048    u_rename/u_map_table/reset_IBUF
    SLICE_X100Y131       FDPE                                         f  u_rename/u_map_table/map_cp_reg[5][15][1]/PRE
  -------------------------------------------------------------------    -------------------

                         (clock sys_clk_pin rise edge)
                                                      0.000     0.000 r  
    H16                                               0.000     0.000 r  clk (IN)
                         net (fo=0)                   0.000     0.000    clk
    H16                  IBUF (Prop_ibuf_I_O)         0.406     0.406 r  clk_IBUF_inst/O
                         net (fo=1, routed)           0.907     1.313    clk_IBUF
    BUFGCTRL_X0Y16       BUFG (Prop_bufg_I_O)         0.029     1.342 r  clk_IBUF_BUFG_inst/O
                         net (fo=14358, routed)       0.955     2.297    u_rename/u_map_table/clk_IBUF_BUFG
    SLICE_X100Y131       FDPE                                         r  u_rename/u_map_table/map_cp_reg[5][15][1]/C

Slack:                    inf
  Source:                 reset
                            (input port)
  Destination:            u_rename/u_map_table/map_cp_reg[5][15][2]/PRE
                            (removal check against rising-edge clock sys_clk_pin  {rise@0.000ns fall@10.000ns period=20.000ns})
  Path Group:             (none)
  Path Type:              Removal (Min at Fast Process Corner)
  Data Path Delay:        1.048ns  (logic 0.231ns (22.079%)  route 0.817ns (77.921%))
  Logic Levels:           1  (IBUF=1)
  Clock Path Skew:        2.297ns (DCD - SCD - CPR)
    Destination Clock Delay (DCD):    2.297ns
    Source Clock Delay      (SCD):    0.000ns
    Clock Pessimism Removal (CPR):    -0.000ns
  Timing Exception:       False Path

    Location             Delay type                Incr(ns)  Path(ns)    Netlist Resource(s)
  -------------------------------------------------------------------    -------------------
    D19                                               0.000     0.000 f  reset (IN)
                         net (fo=0)                   0.000     0.000    reset
    D19                  IBUF (Prop_ibuf_I_O)         0.231     0.231 f  reset_IBUF_inst/O
                         net (fo=13550, routed)       0.817     1.048    u_rename/u_map_table/reset_IBUF
    SLICE_X100Y131       FDPE                                         f  u_rename/u_map_table/map_cp_reg[5][15][2]/PRE
  -------------------------------------------------------------------    -------------------

                         (clock sys_clk_pin rise edge)
                                                      0.000     0.000 r  
    H16                                               0.000     0.000 r  clk (IN)
                         net (fo=0)                   0.000     0.000    clk
    H16                  IBUF (Prop_ibuf_I_O)         0.406     0.406 r  clk_IBUF_inst/O
                         net (fo=1, routed)           0.907     1.313    clk_IBUF
    BUFGCTRL_X0Y16       BUFG (Prop_bufg_I_O)         0.029     1.342 r  clk_IBUF_BUFG_inst/O
                         net (fo=14358, routed)       0.955     2.297    u_rename/u_map_table/clk_IBUF_BUFG
    SLICE_X100Y131       FDPE                                         r  u_rename/u_map_table/map_cp_reg[5][15][2]/C

Slack:                    inf
  Source:                 reset
                            (input port)
  Destination:            u_rename/u_map_table/map_cp_reg[6][15][1]/PRE
                            (removal check against rising-edge clock sys_clk_pin  {rise@0.000ns fall@10.000ns period=20.000ns})
  Path Group:             (none)
  Path Type:              Removal (Min at Fast Process Corner)
  Data Path Delay:        1.048ns  (logic 0.231ns (22.079%)  route 0.817ns (77.921%))
  Logic Levels:           1  (IBUF=1)
  Clock Path Skew:        2.297ns (DCD - SCD - CPR)
    Destination Clock Delay (DCD):    2.297ns
    Source Clock Delay      (SCD):    0.000ns
    Clock Pessimism Removal (CPR):    -0.000ns
  Timing Exception:       False Path

    Location             Delay type                Incr(ns)  Path(ns)    Netlist Resource(s)
  -------------------------------------------------------------------    -------------------
    D19                                               0.000     0.000 f  reset (IN)
                         net (fo=0)                   0.000     0.000    reset
    D19                  IBUF (Prop_ibuf_I_O)         0.231     0.231 f  reset_IBUF_inst/O
                         net (fo=13550, routed)       0.817     1.048    u_rename/u_map_table/reset_IBUF
    SLICE_X101Y131       FDPE                                         f  u_rename/u_map_table/map_cp_reg[6][15][1]/PRE
  -------------------------------------------------------------------    -------------------

                         (clock sys_clk_pin rise edge)
                                                      0.000     0.000 r  
    H16                                               0.000     0.000 r  clk (IN)
                         net (fo=0)                   0.000     0.000    clk
    H16                  IBUF (Prop_ibuf_I_O)         0.406     0.406 r  clk_IBUF_inst/O
                         net (fo=1, routed)           0.907     1.313    clk_IBUF
    BUFGCTRL_X0Y16       BUFG (Prop_bufg_I_O)         0.029     1.342 r  clk_IBUF_BUFG_inst/O
                         net (fo=14358, routed)       0.955     2.297    u_rename/u_map_table/clk_IBUF_BUFG
    SLICE_X101Y131       FDPE                                         r  u_rename/u_map_table/map_cp_reg[6][15][1]/C

Slack:                    inf
  Source:                 reset
                            (input port)
  Destination:            u_rename/u_map_table/map_cp_reg[6][15][2]/PRE
                            (removal check against rising-edge clock sys_clk_pin  {rise@0.000ns fall@10.000ns period=20.000ns})
  Path Group:             (none)
  Path Type:              Removal (Min at Fast Process Corner)
  Data Path Delay:        1.048ns  (logic 0.231ns (22.079%)  route 0.817ns (77.921%))
  Logic Levels:           1  (IBUF=1)
  Clock Path Skew:        2.297ns (DCD - SCD - CPR)
    Destination Clock Delay (DCD):    2.297ns
    Source Clock Delay      (SCD):    0.000ns
    Clock Pessimism Removal (CPR):    -0.000ns
  Timing Exception:       False Path

    Location             Delay type                Incr(ns)  Path(ns)    Netlist Resource(s)
  -------------------------------------------------------------------    -------------------
    D19                                               0.000     0.000 f  reset (IN)
                         net (fo=0)                   0.000     0.000    reset
    D19                  IBUF (Prop_ibuf_I_O)         0.231     0.231 f  reset_IBUF_inst/O
                         net (fo=13550, routed)       0.817     1.048    u_rename/u_map_table/reset_IBUF
    SLICE_X101Y131       FDPE                                         f  u_rename/u_map_table/map_cp_reg[6][15][2]/PRE
  -------------------------------------------------------------------    -------------------

                         (clock sys_clk_pin rise edge)
                                                      0.000     0.000 r  
    H16                                               0.000     0.000 r  clk (IN)
                         net (fo=0)                   0.000     0.000    clk
    H16                  IBUF (Prop_ibuf_I_O)         0.406     0.406 r  clk_IBUF_inst/O
                         net (fo=1, routed)           0.907     1.313    clk_IBUF
    BUFGCTRL_X0Y16       BUFG (Prop_bufg_I_O)         0.029     1.342 r  clk_IBUF_BUFG_inst/O
                         net (fo=14358, routed)       0.955     2.297    u_rename/u_map_table/clk_IBUF_BUFG
    SLICE_X101Y131       FDPE                                         r  u_rename/u_map_table/map_cp_reg[6][15][2]/C

Slack:                    inf
  Source:                 reset
                            (input port)
  Destination:            u_rename/u_map_table/map_cp_reg[2][15][1]/PRE
                            (removal check against rising-edge clock sys_clk_pin  {rise@0.000ns fall@10.000ns period=20.000ns})
  Path Group:             (none)
  Path Type:              Removal (Min at Fast Process Corner)
  Data Path Delay:        1.117ns  (logic 0.231ns (20.710%)  route 0.886ns (79.290%))
  Logic Levels:           1  (IBUF=1)
  Clock Path Skew:        2.296ns (DCD - SCD - CPR)
    Destination Clock Delay (DCD):    2.296ns
    Source Clock Delay      (SCD):    0.000ns
    Clock Pessimism Removal (CPR):    -0.000ns
  Timing Exception:       False Path

    Location             Delay type                Incr(ns)  Path(ns)    Netlist Resource(s)
  -------------------------------------------------------------------    -------------------
    D19                                               0.000     0.000 f  reset (IN)
                         net (fo=0)                   0.000     0.000    reset
    D19                  IBUF (Prop_ibuf_I_O)         0.231     0.231 f  reset_IBUF_inst/O
                         net (fo=13550, routed)       0.886     1.117    u_rename/u_map_table/reset_IBUF
    SLICE_X96Y131        FDPE                                         f  u_rename/u_map_table/map_cp_reg[2][15][1]/PRE
  -------------------------------------------------------------------    -------------------

                         (clock sys_clk_pin rise edge)
                                                      0.000     0.000 r  
    H16                                               0.000     0.000 r  clk (IN)
                         net (fo=0)                   0.000     0.000    clk
    H16                  IBUF (Prop_ibuf_I_O)         0.406     0.406 r  clk_IBUF_inst/O
                         net (fo=1, routed)           0.907     1.313    clk_IBUF
    BUFGCTRL_X0Y16       BUFG (Prop_bufg_I_O)         0.029     1.342 r  clk_IBUF_BUFG_inst/O
                         net (fo=14358, routed)       0.954     2.296    u_rename/u_map_table/clk_IBUF_BUFG
    SLICE_X96Y131        FDPE                                         r  u_rename/u_map_table/map_cp_reg[2][15][1]/C

Slack:                    inf
  Source:                 reset
                            (input port)
  Destination:            u_rename/u_map_table/map_cp_reg[2][15][2]/PRE
                            (removal check against rising-edge clock sys_clk_pin  {rise@0.000ns fall@10.000ns period=20.000ns})
  Path Group:             (none)
  Path Type:              Removal (Min at Fast Process Corner)
  Data Path Delay:        1.117ns  (logic 0.231ns (20.710%)  route 0.886ns (79.290%))
  Logic Levels:           1  (IBUF=1)
  Clock Path Skew:        2.296ns (DCD - SCD - CPR)
    Destination Clock Delay (DCD):    2.296ns
    Source Clock Delay      (SCD):    0.000ns
    Clock Pessimism Removal (CPR):    -0.000ns
  Timing Exception:       False Path

    Location             Delay type                Incr(ns)  Path(ns)    Netlist Resource(s)
  -------------------------------------------------------------------    -------------------
    D19                                               0.000     0.000 f  reset (IN)
                         net (fo=0)                   0.000     0.000    reset
    D19                  IBUF (Prop_ibuf_I_O)         0.231     0.231 f  reset_IBUF_inst/O
                         net (fo=13550, routed)       0.886     1.117    u_rename/u_map_table/reset_IBUF
    SLICE_X96Y131        FDPE                                         f  u_rename/u_map_table/map_cp_reg[2][15][2]/PRE
  -------------------------------------------------------------------    -------------------

                         (clock sys_clk_pin rise edge)
                                                      0.000     0.000 r  
    H16                                               0.000     0.000 r  clk (IN)
                         net (fo=0)                   0.000     0.000    clk
    H16                  IBUF (Prop_ibuf_I_O)         0.406     0.406 r  clk_IBUF_inst/O
                         net (fo=1, routed)           0.907     1.313    clk_IBUF
    BUFGCTRL_X0Y16       BUFG (Prop_bufg_I_O)         0.029     1.342 r  clk_IBUF_BUFG_inst/O
                         net (fo=14358, routed)       0.954     2.296    u_rename/u_map_table/clk_IBUF_BUFG
    SLICE_X96Y131        FDPE                                         r  u_rename/u_map_table/map_cp_reg[2][15][2]/C

Slack:                    inf
  Source:                 reset
                            (input port)
  Destination:            u_rename/u_map_table/map_cp_reg[4][15][1]/PRE
                            (removal check against rising-edge clock sys_clk_pin  {rise@0.000ns fall@10.000ns period=20.000ns})
  Path Group:             (none)
  Path Type:              Removal (Min at Fast Process Corner)
  Data Path Delay:        1.117ns  (logic 0.231ns (20.710%)  route 0.886ns (79.290%))
  Logic Levels:           1  (IBUF=1)
  Clock Path Skew:        2.296ns (DCD - SCD - CPR)
    Destination Clock Delay (DCD):    2.296ns
    Source Clock Delay      (SCD):    0.000ns
    Clock Pessimism Removal (CPR):    -0.000ns
  Timing Exception:       False Path

    Location             Delay type                Incr(ns)  Path(ns)    Netlist Resource(s)
  -------------------------------------------------------------------    -------------------
    D19                                               0.000     0.000 f  reset (IN)
                         net (fo=0)                   0.000     0.000    reset
    D19                  IBUF (Prop_ibuf_I_O)         0.231     0.231 f  reset_IBUF_inst/O
                         net (fo=13550, routed)       0.886     1.117    u_rename/u_map_table/reset_IBUF
    SLICE_X97Y131        FDPE                                         f  u_rename/u_map_table/map_cp_reg[4][15][1]/PRE
  -------------------------------------------------------------------    -------------------

                         (clock sys_clk_pin rise edge)
                                                      0.000     0.000 r  
    H16                                               0.000     0.000 r  clk (IN)
                         net (fo=0)                   0.000     0.000    clk
    H16                  IBUF (Prop_ibuf_I_O)         0.406     0.406 r  clk_IBUF_inst/O
                         net (fo=1, routed)           0.907     1.313    clk_IBUF
    BUFGCTRL_X0Y16       BUFG (Prop_bufg_I_O)         0.029     1.342 r  clk_IBUF_BUFG_inst/O
                         net (fo=14358, routed)       0.954     2.296    u_rename/u_map_table/clk_IBUF_BUFG
    SLICE_X97Y131        FDPE                                         r  u_rename/u_map_table/map_cp_reg[4][15][1]/C

Slack:                    inf
  Source:                 reset
                            (input port)
  Destination:            u_rename/u_map_table/map_cp_reg[4][15][2]/PRE
                            (removal check against rising-edge clock sys_clk_pin  {rise@0.000ns fall@10.000ns period=20.000ns})
  Path Group:             (none)
  Path Type:              Removal (Min at Fast Process Corner)
  Data Path Delay:        1.117ns  (logic 0.231ns (20.710%)  route 0.886ns (79.290%))
  Logic Levels:           1  (IBUF=1)
  Clock Path Skew:        2.296ns (DCD - SCD - CPR)
    Destination Clock Delay (DCD):    2.296ns
    Source Clock Delay      (SCD):    0.000ns
    Clock Pessimism Removal (CPR):    -0.000ns
  Timing Exception:       False Path

    Location             Delay type                Incr(ns)  Path(ns)    Netlist Resource(s)
  -------------------------------------------------------------------    -------------------
    D19                                               0.000     0.000 f  reset (IN)
                         net (fo=0)                   0.000     0.000    reset
    D19                  IBUF (Prop_ibuf_I_O)         0.231     0.231 f  reset_IBUF_inst/O
                         net (fo=13550, routed)       0.886     1.117    u_rename/u_map_table/reset_IBUF
    SLICE_X97Y131        FDPE                                         f  u_rename/u_map_table/map_cp_reg[4][15][2]/PRE
  -------------------------------------------------------------------    -------------------

                         (clock sys_clk_pin rise edge)
                                                      0.000     0.000 r  
    H16                                               0.000     0.000 r  clk (IN)
                         net (fo=0)                   0.000     0.000    clk
    H16                  IBUF (Prop_ibuf_I_O)         0.406     0.406 r  clk_IBUF_inst/O
                         net (fo=1, routed)           0.907     1.313    clk_IBUF
    BUFGCTRL_X0Y16       BUFG (Prop_bufg_I_O)         0.029     1.342 r  clk_IBUF_BUFG_inst/O
                         net (fo=14358, routed)       0.954     2.296    u_rename/u_map_table/clk_IBUF_BUFG
    SLICE_X97Y131        FDPE                                         r  u_rename/u_map_table/map_cp_reg[4][15][2]/C

Slack:                    inf
  Source:                 reset
                            (input port)
  Destination:            u_rename/u_map_table/map_cp_reg[4][14][2]/PRE
                            (removal check against rising-edge clock sys_clk_pin  {rise@0.000ns fall@10.000ns period=20.000ns})
  Path Group:             (none)
  Path Type:              Removal (Min at Fast Process Corner)
  Data Path Delay:        1.123ns  (logic 0.231ns (20.614%)  route 0.891ns (79.386%))
  Logic Levels:           1  (IBUF=1)
  Clock Path Skew:        2.297ns (DCD - SCD - CPR)
    Destination Clock Delay (DCD):    2.297ns
    Source Clock Delay      (SCD):    0.000ns
    Clock Pessimism Removal (CPR):    -0.000ns
  Timing Exception:       False Path

    Location             Delay type                Incr(ns)  Path(ns)    Netlist Resource(s)
  -------------------------------------------------------------------    -------------------
    D19                                               0.000     0.000 f  reset (IN)
                         net (fo=0)                   0.000     0.000    reset
    D19                  IBUF (Prop_ibuf_I_O)         0.231     0.231 f  reset_IBUF_inst/O
                         net (fo=13550, routed)       0.891     1.123    u_rename/u_map_table/reset_IBUF
    SLICE_X94Y132        FDPE                                         f  u_rename/u_map_table/map_cp_reg[4][14][2]/PRE
  -------------------------------------------------------------------    -------------------

                         (clock sys_clk_pin rise edge)
                                                      0.000     0.000 r  
    H16                                               0.000     0.000 r  clk (IN)
                         net (fo=0)                   0.000     0.000    clk
    H16                  IBUF (Prop_ibuf_I_O)         0.406     0.406 r  clk_IBUF_inst/O
                         net (fo=1, routed)           0.907     1.313    clk_IBUF
    BUFGCTRL_X0Y16       BUFG (Prop_bufg_I_O)         0.029     1.342 r  clk_IBUF_BUFG_inst/O
                         net (fo=14358, routed)       0.955     2.297    u_rename/u_map_table/clk_IBUF_BUFG
    SLICE_X94Y132        FDPE                                         r  u_rename/u_map_table/map_cp_reg[4][14][2]/C

Slack:                    inf
  Source:                 reset
                            (input port)
  Destination:            u_rename/u_map_table/map_cp_reg[6][14][2]/PRE
                            (removal check against rising-edge clock sys_clk_pin  {rise@0.000ns fall@10.000ns period=20.000ns})
  Path Group:             (none)
  Path Type:              Removal (Min at Fast Process Corner)
  Data Path Delay:        1.123ns  (logic 0.231ns (20.614%)  route 0.891ns (79.386%))
  Logic Levels:           1  (IBUF=1)
  Clock Path Skew:        2.297ns (DCD - SCD - CPR)
    Destination Clock Delay (DCD):    2.297ns
    Source Clock Delay      (SCD):    0.000ns
    Clock Pessimism Removal (CPR):    -0.000ns
  Timing Exception:       False Path

    Location             Delay type                Incr(ns)  Path(ns)    Netlist Resource(s)
  -------------------------------------------------------------------    -------------------
    D19                                               0.000     0.000 f  reset (IN)
                         net (fo=0)                   0.000     0.000    reset
    D19                  IBUF (Prop_ibuf_I_O)         0.231     0.231 f  reset_IBUF_inst/O
                         net (fo=13550, routed)       0.891     1.123    u_rename/u_map_table/reset_IBUF
    SLICE_X95Y132        FDPE                                         f  u_rename/u_map_table/map_cp_reg[6][14][2]/PRE
  -------------------------------------------------------------------    -------------------

                         (clock sys_clk_pin rise edge)
                                                      0.000     0.000 r  
    H16                                               0.000     0.000 r  clk (IN)
                         net (fo=0)                   0.000     0.000    clk
    H16                  IBUF (Prop_ibuf_I_O)         0.406     0.406 r  clk_IBUF_inst/O
                         net (fo=1, routed)           0.907     1.313    clk_IBUF
    BUFGCTRL_X0Y16       BUFG (Prop_bufg_I_O)         0.029     1.342 r  clk_IBUF_BUFG_inst/O
                         net (fo=14358, routed)       0.955     2.297    u_rename/u_map_table/clk_IBUF_BUFG
    SLICE_X95Y132        FDPE                                         r  u_rename/u_map_table/map_cp_reg[6][14][2]/C





